時間,使用者ID,使用者名稱,類型,區塊,分類,帳戶,金額,備註,已還款
2026-01-01,天天記帳,巷口麵店,收入,營收 (銷售額),晚上收入,現金,9475,,
2026-01-01,天天記帳,巷口麵店,支出,銷售成本,頭張素料,現金,110,,
2026-01-01,天天記帳,巷口麵店,收入,營收 (銷售額),LinePay,LinePay,90,,
2026-01-01,天天記帳,巷口麵店,收入,營收 (銷售額),吳伯毅,吳伯毅,1075,,
2026-01-01,天天記帳,巷口麵店,支出,銷售成本,宥杏,現金,437,,
2026-01-02,天天記帳,巷口麵店,支出,銷售成本,豬耳朵,現金,3450,,
2026-01-02,天天記帳,巷口麵店,支出,銷售成本,頭張素料,現金,1575,,
2026-01-02,天天記帳,巷口麵店,支出,生活支出,飲食,現金,260,,
2026-01-02,天天記帳,巷口麵店,支出,生活支出,飲食,現金,487,,
2026-01-02,天天記帳,巷口麵店,支出,銷售成本,中泰,現金,5000,,
2026-01-02,天天記帳,巷口麵店,支出,生活支出,飲食,現金,52,,
2026-01-02,天天記帳,巷口麵店,支出,生活支出,汽車,現金,80,,
2026-01-04,天天記帳,巷口麵店,收入,營收 (銷售額),晚上收入,現金,10985,,
2026-01-04,天天記帳,巷口麵店,支出,營業支出,營業雜支,現金,20,,
2026-01-04,天天記帳,巷口麵店,支出,銷售成本,頭張素料,現金,440,,
2026-01-04,天天記帳,巷口麵店,支出,營業支出,營業雜支,現金,169,糯米,
2026-01-04,天天記帳,巷口麵店,收入,營收 (銷售額),吳伯毅,吳伯毅,2093,,
2026-01-04,天天記帳,巷口麵店,收入,營收 (銷售額),LinePay,LinePay,330,,
2026-01-04,天天記帳,巷口麵店,支出,房屋,潭子房貸,現金,40919,,
2026-01-04,天天記帳,巷口麵店,支出,房屋,118房貸,現金,21021,,
2026-01-04,天天記帳,巷口麵店,支出,房屋,116房貸,現金,16493,,
2026-01-04,天天記帳,巷口麵店,支出,銷售成本,宥杏,現金,880,,
2026-01-05,天天記帳,巷口麵店,收入,營收 (銷售額),晚上收入,現金,10729,,
2026-01-05,天天記帳,巷口麵店,收入,營收 (銷售額),吳伯毅,吳伯毅,699,,
2026-01-05,天天記帳,巷口麵店,支出,營業支出,營業雜支,現金,150,醬油,
2026-01-05,天天記帳,巷口麵店,支出,營業支出,設備,現金,487,運費,
2026-01-05,天天記帳,巷口麵店,支出,營業支出,設備,現金,639,風管,
2026-01-05,天天記帳,巷口麵店,支出,營業支出,設備,現金,412,運費,
2026-01-05,天天記帳,巷口麵店,支出,銷售成本,禾家歡,現金,1970,,
2026-01-05,天天記帳,巷口麵店,支出,銷售成本,宥杏,現金,772,,
2026-01-06,天天記帳,巷口麵店,支出,銷售成本,頭張素料,現金,165,,
2026-01-06,天天記帳,巷口麵店,支出,銷售成本,靜宜豬肉,現金,1120,,
2026-01-06,天天記帳,巷口麵店,收入,營收 (銷售額),晚上收入,現金,7960,,
2026-01-06,天天記帳,巷口麵店,收入,營收 (銷售額),LinePay,LinePay,980,,
2026-01-06,天天記帳,巷口麵店,收入,營收 (銷售額),吳伯毅,吳伯毅,1151,,
2026-01-06,天天記帳,巷口麵店,支出,生活支出,汽車,現金,130,,
2026-01-06,天天記帳,巷口麵店,支出,生活支出,交通,現金,10,,
2026-01-06,天天記帳,巷口麵店,支出,銷售成本,水餃,現金,4000,,
2026-01-06,天天記帳,巷口麵店,支出,生活支出,貓,現金,1405,,
2026-01-06,天天記帳,巷口麵店,支出,營業支出,營業雜支,現金,700,,
2026-01-06,天天記帳,巷口麵店,支出,營業支出,營業雜支,現金,400,,
2026-01-06,天天記帳,巷口麵店,支出,營業支出,營業雜支,現金,480,,
2026-01-06,天天記帳,巷口麵店,支出,銷售成本,麵,現金,6540,,
2026-01-06,天天記帳,巷口麵店,支出,銷售成本,宥杏,現金,688,,
2026-01-07,天天記帳,巷口麵店,收入,營收 (銷售額),晚上收入,現金,9095,,
2026-01-07,天天記帳,巷口麵店,支出,銷售成本,餛飩,現金,530,,
2026-01-07,天天記帳,巷口麵店,支出,銷售成本,頭張素料,現金,220,,
2026-01-07,天天記帳,巷口麵店,收入,營收 (銷售額),LinePay,LinePay,665,,
2026-01-07,天天記帳,巷口麵店,收入,營收 (銷售額),吳伯毅,吳伯毅,1068,,
2026-01-07,天天記帳,巷口麵店,支出,生活支出,飲食,現金,173,,
2026-01-07,天天記帳,巷口麵店,支出,銷售成本,宥杏,現金,406,,
2026-01-08,天天記帳,巷口麵店,支出,營業支出,營業雜支,現金,2150,南北貨,
2026-01-08,天天記帳,巷口麵店,收入,營收 (銷售額),吳伯毅,吳伯毅,387,,
2026-01-08,天天記帳,巷口麵店,支出,營業支出,瓦斯,現金,645,,
2026-01-08,天天記帳,巷口麵店,收入,營收 (銷售額),晚上收入,現金,9480,,
2026-01-08,天天記帳,巷口麵店,支出,銷售成本,宥杏,現金,619,,
2026-01-09,天天記帳,巷口麵店,支出,營業支出,營業雜支,現金,529,味霸,
2026-01-09,天天記帳,巷口麵店,支出,生活支出,飲食,現金,23,,
2026-01-09,天天記帳,巷口麵店,支出,生活支出,飲食,現金,1490,,
2026-01-09,天天記帳,巷口麵店,支出,生活支出,生活雜支,現金,169,,
2026-01-09,天天記帳,巷口麵店,支出,銷售成本,彰化,現金,2950,,
2026-01-09,天天記帳,巷口麵店,支出,銷售成本,十甲旺內臟,現金,4054,,
2026-01-10,天天記帳,巷口麵店,支出,營業支出,電費,現金,600,宜欣路電費,
2026-01-10,天天記帳,巷口麵店,支出,營業支出,電費,現金,1194,育賢路,
2026-01-10,天天記帳,巷口麵店,支出,營業支出,電費,現金,460,育賢路,
2026-01-10,天天記帳,巷口麵店,支出,營業支出,設備,現金,239,運費,
2026-01-10,天天記帳,巷口麵店,支出,營業支出,天然氣,現金,99,潭子1樓,
2026-01-10,天天記帳,巷口麵店,支出,營業支出,天然氣,現金,200,宜欣,
2026-01-10,天天記帳,巷口麵店,支出,生活支出,飲食,現金,499,,
2026-01-10,天天記帳,巷口麵店,支出,生活支出,飲食,現金,160,,
2026-01-10,天天記帳,巷口麵店,支出,生活支出,飲食,現金,100,,
2026-01-11,天天記帳,巷口麵店,支出,銷售成本,頭張素料,現金,710,,
2026-01-11,天天記帳,巷口麵店,收入,營收 (銷售額),吳伯毅,吳伯毅,778,,
2026-01-11,天天記帳,巷口麵店,收入,營收 (銷售額),晚上收入,現金,11930,,
2026-01-11,天天記帳,巷口麵店,支出,銷售成本,禾家歡,現金,2090,,
2026-01-11,天天記帳,巷口麵店,支出,營業支出,營業雜支,現金,190,,
2026-01-11,天天記帳,巷口麵店,支出,銷售成本,九大,現金,1340,,
2026-01-11,天天記帳,巷口麵店,支出,銷售成本,宥杏,現金,654,,
2026-01-12,天天記帳,巷口麵店,收入,營收 (銷售額),晚上收入,現金,8905,,
2026-01-12,天天記帳,巷口麵店,收入,營收 (銷售額),LinePay,LinePay,345,,
2026-01-12,天天記帳,巷口麵店,收入,營收 (銷售額),吳伯毅,吳伯毅,2415,,
2026-01-12,天天記帳,巷口麵店,支出,銷售成本,宥杏,現金,628,,
2026-01-13,天天記帳,巷口麵店,支出,營業支出,天然氣,現金,395,潭子,
2026-01-13,天天記帳,巷口麵店,支出,銷售成本,靜宜豬肉,現金,1000,,
2026-01-13,天天記帳,巷口麵店,支出,銷售成本,頭張素料,現金,110,,
2026-01-13,天天記帳,巷口麵店,支出,銷售成本,水餃,現金,4800,,
2026-01-13,天天記帳,巷口麵店,支出,生活支出,飲食,現金,230,,
2026-01-13,天天記帳,巷口麵店,支出,生活支出,飲食,現金,50,,
2026-01-13,天天記帳,巷口麵店,支出,生活支出,飲食,現金,55,,
2026-01-13,天天記帳,巷口麵店,支出,銷售成本,蛋,現金,1500,,
2026-01-13,天天記帳,巷口麵店,收入,營收 (銷售額),晚上收入,現金,8795,,
2026-01-13,天天記帳,巷口麵店,收入,營收 (銷售額),吳伯毅,吳伯毅,642,,
2026-01-13,天天記帳,巷口麵店,收入,營收 (銷售額),LinePay,LinePay,200,,
2026-01-13,天天記帳,巷口麵店,支出,生活支出,飲食,現金,496,,
2026-01-13,天天記帳,巷口麵店,支出,房屋,租金,現金,23000,,
2026-01-13,天天記帳,巷口麵店,支出,銷售成本,宥杏,現金,680,,
2026-01-14,天天記帳,巷口麵店,支出,營業支出,營業雜支,現金,1020,鵝肉,
2026-01-14,天天記帳,巷口麵店,支出,銷售成本,餛飩,現金,530,,
2026-01-14,天天記帳,巷口麵店,支出,銷售成本,頭張素料,現金,220,,
2026-01-14,天天記帳,巷口麵店,收入,營收 (銷售額),晚上收入,現金,8880,,
2026-01-14,天天記帳,巷口麵店,收入,營收 (銷售額),LinePay,LinePay,260,,
2026-01-14,天天記帳,巷口麵店,收入,營收 (銷售額),吳伯毅,吳伯毅,134,,
2026-01-14,天天記帳,巷口麵店,支出,銷售成本,宥杏,現金,481,,
2026-01-14,天天記帳,巷口麵店,支出,銷售成本,宥杏,現金,640,,
2026-01-15,天天記帳,巷口麵店,支出,銷售成本,彰化,現金,2090,,
2026-01-15,天天記帳,巷口麵店,收入,營收 (銷售額),LinePay,LinePay,120,,
2026-01-15,天天記帳,巷口麵店,收入,營收 (銷售額),吳伯毅,吳伯毅,2210,,
2026-01-15,天天記帳,巷口麵店,收入,營收 (銷售額),晚上收入,現金,7735,,
2026-01-15,天天記帳,巷口麵店,支出,生活支出,飲食,現金,852,,
2026-01-15,天天記帳,巷口麵店,支出,銷售成本,宥杏,現金,645,,
2026-01-16,天天記帳,巷口麵店,支出,營業支出,電話網路,現金,654,,
2026-01-16,天天記帳,巷口麵店,支出,營業支出,電話網路,現金,799,,
2026-01-16,天天記帳,巷口麵店,支出,生活支出,飲食,現金,613,姑丈罰單,
2026-01-16,天天記帳,巷口麵店,支出,生活支出,好市多,現金,1863,,
2026-01-17,天天記帳,巷口麵店,支出,生活支出,好市多,現金,1058,,
2026-01-18,天天記帳,巷口麵店,收入,營收 (銷售額),晚上收入,現金,11124,,
2026-01-18,天天記帳,巷口麵店,支出,銷售成本,頭張素料,現金,330,,
2026-01-18,天天記帳,巷口麵店,收入,營收 (銷售額),LinePay,LinePay,750,,
2026-01-18,天天記帳,巷口麵店,收入,營收 (銷售額),吳伯毅,吳伯毅,2189,,
2026-01-18,天天記帳,巷口麵店,支出,營業支出,營業雜支,現金,157,,
2026-01-18,天天記帳,巷口麵店,支出,銷售成本,宥杏,現金,874,,
2026-01-18,天天記帳,巷口麵店,支出,銷售成本,宥杏,現金,105,,
2026-01-19,天天記帳,巷口麵店,收入,營收 (銷售額),晚上收入,現金,12960,,
2026-01-19,天天記帳,巷口麵店,收入,營收 (銷售額),吳伯毅,吳伯毅,1545,,
2026-01-19,天天記帳,巷口麵店,收入,營收 (銷售額),LinePay,LinePay,1100,,
2026-01-19,天天記帳,巷口麵店,支出,營業支出,天然氣,現金,200,宜欣,
2026-01-19,天天記帳,巷口麵店,支出,生活支出,飲食,現金,110,,
2026-01-19,天天記帳,巷口麵店,支出,營業支出,設備,現金,360,架子,
2026-01-19,天天記帳,巷口麵店,支出,銷售成本,餛飩,現金,700,,
2026-01-19,天天記帳,巷口麵店,支出,銷售成本,宥杏,現金,517,,
2026-01-20,天天記帳,巷口麵店,支出,生活支出,貓,現金,599,,
2026-01-20,天天記帳,巷口麵店,收入,營收 (銷售額),晚上收入,現金,8980,,
2026-01-20,天天記帳,巷口麵店,支出,銷售成本,餛飩,現金,530,,
2026-01-20,天天記帳,巷口麵店,支出,銷售成本,靜宜豬肉,現金,1000,,
2026-01-20,天天記帳,巷口麵店,支出,銷售成本,水餃,現金,4000,,
2026-01-20,天天記帳,巷口麵店,支出,銷售成本,頭張素料,現金,435,,
2026-01-20,天天記帳,巷口麵店,收入,營收 (銷售額),吳伯毅,吳伯毅,905,,
2026-01-20,天天記帳,巷口麵店,收入,營收 (銷售額),LinePay,LinePay,100,,
2026-01-20,天天記帳,巷口麵店,支出,銷售成本,宥杏,現金,726,,
2026-01-21,天天記帳,巷口麵店,收入,營收 (銷售額),晚上收入,現金,9510,,
2026-01-21,天天記帳,巷口麵店,收入,營收 (銷售額),吳伯毅,吳伯毅,1072,,
2026-01-21,天天記帳,巷口麵店,支出,銷售成本,宥杏,現金,708,,
2026-01-22,天天記帳,巷口麵店,支出,生活支出,汽車,現金,230,,
2026-01-22,天天記帳,巷口麵店,收入,營收 (銷售額),LinePay,LinePay,895,,
2026-01-22,天天記帳,巷口麵店,收入,營收 (銷售額),吳伯毅,吳伯毅,2383,,
2026-01-22,天天記帳,巷口麵店,支出,生活支出,飲食,現金,184,,
2026-01-22,天天記帳,巷口麵店,支出,營業支出,瓦斯,現金,1250,,
2026-01-22,天天記帳,巷口麵店,收入,營收 (銷售額),晚上收入,現金,11490,,
2026-01-22,天天記帳,巷口麵店,支出,生活支出,飲食,現金,59,,
2026-01-22,天天記帳,巷口麵店,支出,生活支出,生活雜支,現金,250,,
2026-01-22,天天記帳,巷口麵店,支出,生活支出,飲食,現金,81,,
2026-01-22,天天記帳,巷口麵店,支出,生活支出,汽車,現金,1149,,
2026-01-23,天天記帳,巷口麵店,支出,生活支出,飲食,現金,197,,
2026-01-23,天天記帳,巷口麵店,支出,生活支出,飲食,現金,344,,
2026-01-23,天天記帳,巷口麵店,支出,生活支出,飲食,現金,430,,
2026-01-23,天天記帳,巷口麵店,支出,生活支出,飲食,現金,151,,
2026-01-23,天天記帳,巷口麵店,支出,生活支出,好市多,現金,2479,,
2026-01-25,天天記帳,巷口麵店,支出,銷售成本,頭張素料,現金,490,,
2026-01-25,天天記帳,巷口麵店,收入,營收 (銷售額),晚上收入,現金,12750,,
2026-01-25,天天記帳,巷口麵店,收入,營收 (銷售額),LinePay,LinePay,260,,
2026-01-25,天天記帳,巷口麵店,收入,營收 (銷售額),吳伯毅,吳伯毅,2421,,
2026-01-25,天天記帳,巷口麵店,支出,銷售成本,宥杏,現金,813,,
2026-01-26,天天記帳,巷口麵店,支出,營業支出,電費,現金,589,,
2026-01-26,天天記帳,巷口麵店,支出,營業支出,電費,現金,749,,
2026-01-26,天天記帳,巷口麵店,支出,生活支出,生活雜支,現金,889,花 迷力克,
2026-01-26,天天記帳,巷口麵店,支出,生活支出,飲食,現金,80,,
2026-01-26,天天記帳,巷口麵店,支出,生活支出,飲食,現金,50,,
2026-01-26,天天記帳,巷口麵店,收入,營收 (銷售額),晚上收入,現金,12738,,
2026-01-26,天天記帳,巷口麵店,收入,營收 (銷售額),LinePay,LinePay,270,,
2026-01-26,天天記帳,巷口麵店,收入,營收 (銷售額),吳伯毅,吳伯毅,375,,
2026-01-26,天天記帳,巷口麵店,支出,銷售成本,九大,現金,1510,,
2026-01-26,天天記帳,巷口麵店,支出,銷售成本,宥杏,現金,606,,
2026-01-27,天天記帳,巷口麵店,收入,營收 (銷售額),晚上收入,現金,8035,,
2026-01-27,天天記帳,巷口麵店,支出,銷售成本,餛飩,現金,835,,
2026-01-27,天天記帳,巷口麵店,支出,銷售成本,頭張素料,現金,275,,
2026-01-27,天天記帳,巷口麵店,支出,生活支出,飲食,現金,230,,
2026-01-27,天天記帳,巷口麵店,支出,生活支出,飲食,現金,65,,
2026-01-27,天天記帳,巷口麵店,收入,營收 (銷售額),LinePay,LinePay,140,,
2026-01-27,天天記帳,巷口麵店,收入,營收 (銷售額),吳伯毅,吳伯毅,1232,,
2026-01-27,天天記帳,巷口麵店,支出,生活支出,飲食,現金,162,,
2026-01-27,天天記帳,巷口麵店,支出,銷售成本,水餃,現金,5600,,
2026-01-27,天天記帳,巷口麵店,支出,營業支出,設備,現金,81355,裝潢,
2026-01-27,天天記帳,巷口麵店,支出,銷售成本,蛋,現金,1500,,
2026-01-27,天天記帳,巷口麵店,支出,銷售成本,宥杏,現金,612,,
2026-01-28,天天記帳,巷口麵店,收入,營收 (銷售額),LinePay,LinePay,455,,
2026-01-28,天天記帳,巷口麵店,支出,銷售成本,靜宜豬肉,現金,1000,,
2026-01-28,天天記帳,巷口麵店,支出,銷售成本,頭張素料,現金,330,,
2026-01-28,天天記帳,巷口麵店,收入,營收 (銷售額),吳伯毅,吳伯毅,2012,,
2026-01-28,天天記帳,巷口麵店,支出,營業支出,瓦斯,現金,625,,
2026-01-28,天天記帳,巷口麵店,收入,營收 (銷售額),晚上收入,現金,8865,,
2026-01-28,天天記帳,巷口麵店,支出,銷售成本,宥杏,現金,544,,
2026-01-29,天天記帳,巷口麵店,支出,銷售成本,禾家歡,現金,2560,,
2026-01-29,天天記帳,巷口麵店,收入,營收 (銷售額),晚上收入,現金,6425,,
2026-01-29,天天記帳,巷口麵店,收入,營收 (銷售額),LinePay,LinePay,265,,
2026-01-29,天天記帳,巷口麵店,收入,營收 (銷售額),吳伯毅,吳伯毅,1010,,
2026-01-29,天天記帳,巷口麵店,支出,生活支出,好市多,現金,1467,,
2026-01-29,天天記帳,巷口麵店,支出,生活支出,好市多,現金,799,,
2026-01-29,天天記帳,巷口麵店,支出,銷售成本,宥杏,現金,432,,
2026-01-30,天天記帳,巷口麵店,支出,生活支出,旅遊,現金,290,,
2026-01-30,天天記帳,巷口麵店,支出,生活支出,旅遊,現金,10000,,
2026-01-30,天天記帳,巷口麵店,支出,生活支出,旅遊,現金,647,,
2026-01-31,天天記帳,巷口麵店,支出,營業支出,設備,現金,1298,運費,
2026-01-31,天天記帳,巷口麵店,支出,生活支出,飲食,現金,190,,
2026-01-31,天天記帳,巷口麵店,支出,生活支出,飲食,現金,80,,
2026-01-31,天天記帳,巷口麵店,支出,生活支出,汽車,現金,1142,,
2026-02-01,天天記帳,巷口麵店,收入,營收 (銷售額),晚上收入,現金,13285,,
2026-02-01,天天記帳,巷口麵店,收入,營收 (銷售額),LinePay,LinePay,990,,
2026-02-01,天天記帳,巷口麵店,收入,營收 (銷售額),吳伯毅,吳伯毅,2407,,
2026-02-01,天天記帳,巷口麵店,支出,銷售成本,頭張素料,現金,330,,
2026-02-01,天天記帳,巷口麵店,支出,生活支出,飲食,現金,130,,
2026-02-01,天天記帳,巷口麵店,支出,生活支出,飲食,現金,35,,
2026-02-01,天天記帳,巷口麵店,支出,銷售成本,宥杏,現金,495,,
2026-02-02,天天記帳,巷口麵店,收入,營收 (銷售額),晚上收入,現金,9260,,
2026-02-02,天天記帳,巷口麵店,收入,營收 (銷售額),LinePay,LinePay,135,,
2026-02-02,天天記帳,巷口麵店,收入,營收 (銷售額),吳伯毅,吳伯毅,2175,,
2026-02-02,天天記帳,巷口麵店,支出,銷售成本,宥杏,現金,587,,
2026-02-03,天天記帳,巷口麵店,支出,銷售成本,水餃,現金,4000,,
2026-02-03,天天記帳,巷口麵店,支出,銷售成本,餛飩,現金,545,,
2026-02-03,天天記帳,巷口麵店,支出,銷售成本,頭張素料,現金,275,,
2026-02-03,天天記帳,巷口麵店,收入,營收 (銷售額),晚上收入,現金,12515,,
2026-02-03,天天記帳,巷口麵店,收入,營收 (銷售額),LinePay,LinePay,140,,
2026-02-03,天天記帳,巷口麵店,收入,營收 (銷售額),吳伯毅,吳伯毅,1032,,
2026-02-03,天天記帳,巷口麵店,支出,銷售成本,杰帆,現金,2425,,
2026-02-03,天天記帳,巷口麵店,支出,銷售成本,彰化,現金,1200,,
2026-02-03,天天記帳,巷口麵店,支出,生活支出,飲食,現金,158,,
2026-02-03,天天記帳,巷口麵店,支出,生活支出,飲食,現金,139,,
2026-02-03,天天記帳,巷口麵店,支出,生活支出,生活雜支,現金,49,,
2026-02-03,天天記帳,巷口麵店,支出,銷售成本,宥杏,現金,361,,
2026-02-04,天天記帳,巷口麵店,收入,營收 (銷售額),晚上收入,現金,8555,,
2026-02-04,天天記帳,巷口麵店,收入,營收 (銷售額),LinePay,LinePay,450,,
2026-02-04,天天記帳,巷口麵店,支出,生活支出,飲食,現金,70,,
2026-02-04,天天記帳,巷口麵店,支出,銷售成本,菜市場,現金,268,,
2026-02-04,天天記帳,巷口麵店,支出,銷售成本,菜市場,現金,180,,
2026-02-04,天天記帳,巷口麵店,支出,銷售成本,靜宜豬肉,現金,1000,,
2026-02-04,天天記帳,巷口麵店,支出,銷售成本,頭張素料,現金,435,,
2026-02-04,天天記帳,巷口麵店,支出,營業支出,瓦斯,現金,645,,
2026-02-04,天天記帳,巷口麵店,支出,生活支出,飲食,現金,98,,
2026-02-04,天天記帳,巷口麵店,支出,房屋,潭子房貸,現金,40919,,
2026-02-04,天天記帳,巷口麵店,支出,房屋,118房貸,現金,21021,,
2026-02-04,天天記帳,巷口麵店,支出,房屋,116房貸,現金,16493,,
2026-02-04,天天記帳,巷口麵店,支出,銷售成本,宥杏,現金,537,,
2026-02-05,天天記帳,巷口麵店,收入,營收 (銷售額),晚上收入,現金,6780,,
2026-02-05,天天記帳,巷口麵店,收入,營收 (銷售額),LinePay,LinePay,335,,
2026-02-05,天天記帳,巷口麵店,支出,生活支出,飲食,現金,148,,
2026-02-05,天天記帳,巷口麵店,收入,營收 (銷售額),吳伯毅,吳伯毅,691,,
2026-02-05,天天記帳,巷口麵店,支出,銷售成本,宥杏,現金,526,,
2026-02-06,天天記帳,巷口麵店,支出,營業支出,營業雜支,現金,190,,
2026-02-06,天天記帳,巷口麵店,支出,生活支出,飲食,現金,220,,
2026-02-06,天天記帳,巷口麵店,支出,營業支出,營業雜支,現金,60,,
2026-02-06,天天記帳,巷口麵店,支出,生活支出,飲食,現金,280,,
2026-02-06,天天記帳,巷口麵店,支出,生活支出,飲食,現金,400,,
2026-02-06,天天記帳,巷口麵店,支出,銷售成本,九大,現金,2920,,
2026-02-06,天天記帳,巷口麵店,支出,銷售成本,麵,現金,6360,,
2026-02-06,天天記帳,巷口麵店,支出,生活支出,飲食,現金,909,,
2026-02-07,天天記帳,巷口麵店,支出,生活支出,飲食,現金,40,,
2026-02-07,天天記帳,巷口麵店,支出,生活支出,飲食,現金,20,,
2026-02-07,天天記帳,巷口麵店,支出,生活支出,飲食,現金,40,,
2026-02-07,天天記帳,巷口麵店,支出,生活支出,汽車,現金,100,,
2026-02-07,天天記帳,巷口麵店,支出,生活支出,好市多,現金,1317,,
2026-02-08,天天記帳,巷口麵店,收入,營收 (銷售額),晚上收入,現金,11965,,
2026-02-08,天天記帳,巷口麵店,收入,營收 (銷售額),吳伯毅,吳伯毅,1788,,
2026-02-08,天天記帳,巷口麵店,收入,營收 (銷售額),LinePay,LinePay,550,,
2026-02-08,天天記帳,巷口麵店,支出,銷售成本,頭張素料,現金,330,,
2026-02-08,天天記帳,巷口麵店,支出,生活支出,飲食,現金,680,,
2026-02-08,天天記帳,巷口麵店,支出,營業支出,營業雜支,現金,300,,
2026-02-08,天天記帳,巷口麵店,支出,銷售成本,宥杏,現金,596,,
2026-02-09,天天記帳,巷口麵店,支出,營業支出,電話網路,現金,799,,
2026-02-09,天天記帳,巷口麵店,支出,營業支出,電話網路,現金,654,,
2026-02-09,天天記帳,巷口麵店,支出,生活支出,飲食,現金,62,,
2026-02-09,天天記帳,巷口麵店,收入,營收 (銷售額),晚上收入,現金,12190,,
2026-02-09,天天記帳,巷口麵店,收入,營收 (銷售額),LinePay,LinePay,615,,
2026-02-09,天天記帳,巷口麵店,收入,營收 (銷售額),吳伯毅,吳伯毅,1431,,
2026-02-09,天天記帳,巷口麵店,支出,銷售成本,宥杏,現金,464,,
2026-02-10,天天記帳,巷口麵店,收入,營收 (銷售額),晚上收入,現金,10225,,
2026-02-10,天天記帳,巷口麵店,收入,營收 (銷售額),LinePay,LinePay,265,,
2026-02-10,天天記帳,巷口麵店,收入,營收 (銷售額),吳伯毅,吳伯毅,1712,,
2026-02-10,天天記帳,巷口麵店,支出,銷售成本,餛飩,現金,575,,
2026-02-10,天天記帳,巷口麵店,支出,銷售成本,餛飩,現金,700,,
2026-02-10,天天記帳,巷口麵店,支出,銷售成本,蛋,現金,1000,,
2026-02-10,天天記帳,巷口麵店,支出,銷售成本,水餃,現金,5600,,
2026-02-10,天天記帳,巷口麵店,支出,銷售成本,頭張素料,現金,275,,
2026-02-10,天天記帳,巷口麵店,支出,銷售成本,彰化,現金,4570,,
2026-02-10,天天記帳,巷口麵店,支出,銷售成本,宥杏,現金,587,,
2026-02-11,天天記帳,巷口麵店,收入,營收 (銷售額),晚上收入,現金,10420,,
2026-02-11,天天記帳,巷口麵店,支出,銷售成本,頭張素料,現金,275,,
2026-02-11,天天記帳,巷口麵店,支出,銷售成本,靜宜豬肉,現金,1000,,
2026-02-11,天天記帳,巷口麵店,收入,營收 (銷售額),LinePay,LinePay,520,,
2026-02-11,天天記帳,巷口麵店,支出,生活支出,飲食,現金,330,,
2026-02-11,天天記帳,巷口麵店,支出,生活支出,飲食,現金,50,,
2026-02-11,天天記帳,巷口麵店,收入,營收 (銷售額),吳伯毅,吳伯毅,1252,,
2026-02-11,天天記帳,巷口麵店,支出,生活支出,旅遊,現金,3669,,
2026-02-11,天天記帳,巷口麵店,支出,營業支出,營業雜支,現金,303,,
2026-02-11,天天記帳,巷口麵店,支出,生活支出,生活雜支,現金,37,,
2026-02-11,天天記帳,巷口麵店,支出,生活支出,生活雜支,現金,199,,
2026-02-11,天天記帳,巷口麵店,支出,生活支出,生活雜支,現金,106,,
2026-02-11,天天記帳,巷口麵店,支出,生活支出,生活雜支,現金,105,,
2026-02-11,天天記帳,巷口麵店,支出,生活支出,生活雜支,現金,149,,
2026-02-11,天天記帳,巷口麵店,支出,銷售成本,宥杏,現金,945,,
2026-02-12,天天記帳,巷口麵店,支出,營業支出,天然氣,現金,517,,
2026-02-12,天天記帳,巷口麵店,支出,營業支出,天然氣,現金,199,,
2026-02-12,天天記帳,巷口麵店,支出,銷售成本,餛飩,現金,530,,
2026-02-12,天天記帳,巷口麵店,支出,銷售成本,頭張素料,現金,110,,
2026-02-12,天天記帳,巷口麵店,收入,營收 (銷售額),晚上收入,現金,9680,,
2026-02-12,天天記帳,巷口麵店,收入,營收 (銷售額),LinePay,LinePay,330,,
2026-02-12,天天記帳,巷口麵店,收入,營收 (銷售額),吳伯毅,吳伯毅,1252,,
2026-02-12,天天記帳,巷口麵店,支出,生活支出,飲食,現金,155,,
2026-02-12,天天記帳,巷口麵店,支出,銷售成本,宥杏,現金,325,,
2026-02-13,天天記帳,巷口麵店,支出,生活支出,飲食,現金,180,,
2026-02-13,天天記帳,巷口麵店,支出,生活支出,飲食,現金,104,,
2026-02-13,天天記帳,巷口麵店,支出,生活支出,飲食,現金,49,,
2026-02-13,天天記帳,巷口麵店,支出,生活支出,飲食,現金,226,,
2026-02-13,天天記帳,巷口麵店,支出,生活支出,旅遊,現金,200,,
2026-02-13,天天記帳,巷口麵店,支出,生活支出,飲食,現金,730,,
2026-02-13,天天記帳,巷口麵店,支出,生活支出,飲食,現金,200,,
2026-02-13,天天記帳,巷口麵店,支出,生活支出,飲食,現金,690,,
2026-02-13,天天記帳,巷口麵店,支出,生活支出,飲食,現金,212,,
2026-02-13,天天記帳,巷口麵店,支出,房屋,租金,現金,23000,,
2026-02-14,天天記帳,巷口麵店,支出,生活支出,飲食,現金,170,,
2026-02-14,天天記帳,巷口麵店,支出,生活支出,飲食,現金,85,,
2026-02-14,天天記帳,巷口麵店,支出,生活支出,飲食,現金,15,,
2026-02-14,天天記帳,巷口麵店,支出,生活支出,飲食,現金,36,,
2026-02-14,天天記帳,巷口麵店,支出,生活支出,汽車,現金,1102,,
2026-02-14,天天記帳,巷口麵店,支出,生活支出,飲食,現金,30,,
2026-02-15,天天記帳,巷口麵店,支出,生活支出,好市多,現金,1142,,
2026-02-15,天天記帳,巷口麵店,支出,生活支出,飲食,現金,381,,
2026-02-16,天天記帳,巷口麵店,支出,生活支出,飲食,現金,228,,
2026-02-17,天天記帳,巷口麵店,支出,生活支出,飲食,現金,73,,
2026-02-17,天天記帳,巷口麵店,支出,生活支出,飲食,現金,20,,
2026-02-17,天天記帳,巷口麵店,支出,生活支出,飲食,現金,70,,
2026-02-19,天天記帳,巷口麵店,支出,生活支出,飲食,現金,55,,
2026-02-19,天天記帳,巷口麵店,支出,生活支出,飲食,現金,55,,
2026-02-20,天天記帳,巷口麵店,支出,生活支出,飲食,現金,763,,
2026-02-20,天天記帳,巷口麵店,支出,生活支出,飲食,現金,2000,,
2026-02-21,天天記帳,巷口麵店,支出,生活支出,飲食,現金,620,,
2026-02-21,天天記帳,巷口麵店,支出,生活支出,好市多,現金,2201,,
2026-02-22,天天記帳,巷口麵店,收入,營收 (銷售額),晚上收入,現金,10673,,
2026-02-22,天天記帳,巷口麵店,收入,營收 (銷售額),LinePay,LinePay,805,,
2026-02-22,天天記帳,巷口麵店,收入,營收 (銷售額),吳伯毅,吳伯毅,3147,,
2026-02-22,天天記帳,巷口麵店,支出,銷售成本,十甲旺內臟,現金,4800,,
2026-02-22,天天記帳,巷口麵店,支出,銷售成本,宥杏,現金,963,,
2026-02-23,天天記帳,巷口麵店,支出,銷售成本,禾家歡,現金,2160,,
2026-02-23,天天記帳,巷口麵店,收入,營收 (銷售額),晚上收入,現金,12757,,
2026-02-23,天天記帳,巷口麵店,收入,營收 (銷售額),吳伯毅,吳伯毅,2738,,
2026-02-23,天天記帳,巷口麵店,支出,銷售成本,宥杏,現金,743,,
2026-02-24,天天記帳,巷口麵店,支出,銷售成本,靜宜豬肉,現金,710,,
2026-02-24,天天記帳,巷口麵店,支出,銷售成本,頭張素料,現金,710,,
2026-02-24,天天記帳,巷口麵店,支出,生活支出,飲食,現金,100,,
2026-02-24,天天記帳,巷口麵店,支出,銷售成本,水餃,現金,3200,,
2026-02-24,天天記帳,巷口麵店,收入,營收 (銷售額),晚上收入,現金,12210,,
2026-02-24,天天記帳,巷口麵店,收入,營收 (銷售額),LinePay,LinePay,280,,
2026-02-24,天天記帳,巷口麵店,收入,營收 (銷售額),吳伯毅,吳伯毅,2564,,
2026-02-24,天天記帳,巷口麵店,支出,營業支出,營業雜支,現金,242,,
2026-02-24,天天記帳,巷口麵店,支出,營業支出,營業雜支,現金,524,,
2026-02-24,天天記帳,巷口麵店,支出,生活支出,飲食,現金,461,,
2026-02-24,天天記帳,巷口麵店,支出,銷售成本,宥杏,現金,768,,
2026-02-25,天天記帳,巷口麵店,收入,營收 (銷售額),晚上收入,現金,9610,,
2026-02-25,天天記帳,巷口麵店,收入,營收 (銷售額),吳伯毅,吳伯毅,330,,
2026-02-25,天天記帳,巷口麵店,收入,營收 (銷售額),LinePay,LinePay,45,,
2026-02-25,天天記帳,巷口麵店,支出,生活支出,飲食,現金,299,,
2026-02-25,天天記帳,巷口麵店,支出,銷售成本,宥杏,現金,610,,
2026-02-25,天天記帳,巷口麵店,支出,銷售成本,宥杏,現金,40,,
2026-02-26,天天記帳,巷口麵店,支出,營業支出,水費,現金,87,,
2026-02-26,天天記帳,巷口麵店,支出,營業支出,水費,現金,121,,
2026-02-26,天天記帳,巷口麵店,支出,營業支出,水費,現金,238,,
2026-02-26,天天記帳,巷口麵店,支出,銷售成本,頭張素料,現金,165,,
2026-02-26,天天記帳,巷口麵店,收入,營收 (銷售額),晚上收入,現金,9860,,
2026-02-26,天天記帳,巷口麵店,收入,營收 (銷售額),LinePay,LinePay,100,,
2026-02-26,天天記帳,巷口麵店,收入,營收 (銷售額),吳伯毅,吳伯毅,1206,,
2026-02-26,天天記帳,巷口麵店,支出,生活支出,飲食,現金,824,,
2026-02-26,天天記帳,巷口麵店,支出,生活支出,貓,現金,800,,
2026-02-26,天天記帳,巷口麵店,支出,銷售成本,宥杏,現金,514,,
2026-02-27,天天記帳,巷口麵店,支出,生活支出,飲食,現金,440,,
2026-02-27,天天記帳,巷口麵店,支出,銷售成本,中泰,現金,10000,,
2026-02-27,天天記帳,巷口麵店,支出,銷售成本,餛飩,現金,540,,
2026-02-27,天天記帳,巷口麵店,支出,銷售成本,九大,現金,2680,,
2026-03-01,天天記帳,巷口麵店,收入,營收 (銷售額),晚上收入,現金,12440,,
2026-03-01,天天記帳,巷口麵店,收入,營收 (銷售額),LinePay,LinePay,520,,
2026-03-01,天天記帳,巷口麵店,支出,銷售成本,靜宜豬肉,現金,1000,,
2026-03-01,天天記帳,巷口麵店,支出,銷售成本,頭張素料,現金,440,,
2026-03-01,天天記帳,巷口麵店,收入,營收 (銷售額),吳伯毅,吳伯毅,1921,,
2026-03-01,天天記帳,巷口麵店,支出,生活支出,飲食,現金,500,,
2026-03-01,天天記帳,巷口麵店,支出,銷售成本,宥杏,現金,1158,,
2026-03-02,天天記帳,巷口麵店,支出,生活支出,好市多,現金,2425,,
2026-03-02,天天記帳,巷口麵店,支出,銷售成本,禾家歡,現金,2435,,
2026-03-02,天天記帳,巷口麵店,支出,營業支出,瓦斯,現金,1935,,
2026-03-02,天天記帳,巷口麵店,收入,營收 (銷售額),LinePay,LinePay,70,,
2026-03-02,天天記帳,巷口麵店,收入,營收 (銷售額),吳伯毅,吳伯毅,2636,,
2026-03-02,天天記帳,巷口麵店,收入,營收 (銷售額),晚上收入,現金,11380,,
2026-03-02,天天記帳,巷口麵店,支出,生活支出,飲食,現金,380,,
2026-03-02,天天記帳,巷口麵店,支出,銷售成本,宥杏,現金,637,,
2026-03-03,天天記帳,巷口麵店,支出,銷售成本,餛飩,現金,510,,
2026-03-03,天天記帳,巷口麵店,支出,銷售成本,頭張素料,現金,330,,
2026-03-03,天天記帳,巷口麵店,支出,生活支出,飲食,現金,40,,
2026-03-03,天天記帳,巷口麵店,支出,銷售成本,水餃,現金,4800,,
2026-03-03,天天記帳,巷口麵店,支出,生活支出,飲食,現金,582,,
2026-03-03,天天記帳,巷口麵店,收入,營收 (銷售額),晚上收入,現金,10650,,
2026-03-03,天天記帳,巷口麵店,收入,營收 (銷售額),LinePay,LinePay,595,,
2026-03-03,天天記帳,巷口麵店,收入,營收 (銷售額),吳伯毅,吳伯毅,1940,,
2026-03-03,天天記帳,巷口麵店,支出,銷售成本,宥杏,現金,462,,
2026-03-03,天天記帳,巷口麵店,支出,銷售成本,宥杏,現金,80,,
2026-03-04,天天記帳,巷口麵店,收入,營收 (銷售額),LinePay,LinePay,365,,
2026-03-04,天天記帳,巷口麵店,收入,營收 (銷售額),吳伯毅,吳伯毅,1669,,
2026-03-04,天天記帳,巷口麵店,收入,營收 (銷售額),晚上收入,現金,10730,,
2026-03-04,天天記帳,巷口麵店,支出,營業支出,瓦斯,現金,645,,
2026-03-04,天天記帳,巷口麵店,支出,生活支出,汽車,現金,1174,,
2026-03-04,天天記帳,巷口麵店,支出,房屋,潭子房貸,現金,40919,,
2026-03-04,天天記帳,巷口麵店,支出,房屋,118房貸,現金,21021,,
2026-03-04,天天記帳,巷口麵店,支出,房屋,116房貸,現金,16493,,
2026-03-04,天天記帳,巷口麵店,支出,銷售成本,宥杏,現金,369,,
2026-03-05,天天記帳,巷口麵店,支出,銷售成本,蛋,現金,118,,
2026-03-05,天天記帳,巷口麵店,支出,銷售成本,頭張素料,現金,330,,
2026-03-05,天天記帳,巷口麵店,收入,營收 (銷售額),晚上收入,現金,7110,,
2026-03-05,天天記帳,巷口麵店,收入,營收 (銷售額),LinePay,LinePay,405,,
2026-03-05,天天記帳,巷口麵店,收入,營收 (銷售額),吳伯毅,吳伯毅,1272,,
2026-03-05,天天記帳,巷口麵店,支出,銷售成本,宥杏,現金,541,,
2026-03-06,天天記帳,巷口麵店,支出,生活支出,飲食,現金,264,,
2026-03-07,天天記帳,巷口麵店,支出,生活支出,生活雜支,現金,150,,
2026-03-07,天天記帳,巷口麵店,支出,生活支出,貓,現金,300,,
2026-03-07,天天記帳,巷口麵店,支出,銷售成本,麵,現金,4680,,
2026-03-07,天天記帳,巷口麵店,支出,銷售成本,彰化,現金,2530,,
2026-03-08,天天記帳,巷口麵店,收入,營收 (銷售額),晚上收入,現金,11954,,
2026-03-08,天天記帳,巷口麵店,收入,營收 (銷售額),LinePay,LinePay,865,,
2026-03-08,天天記帳,巷口麵店,支出,銷售成本,頭張素料,現金,330,,
2026-03-08,天天記帳,巷口麵店,支出,生活支出,飲食,現金,330,,
2026-03-08,天天記帳,巷口麵店,支出,生活支出,飲食,現金,43,,
2026-03-08,天天記帳,巷口麵店,收入,營收 (銷售額),吳伯毅,吳伯毅,3092,,
2026-03-08,天天記帳,巷口麵店,支出,生活支出,飲食,現金,47,,
2026-03-08,天天記帳,巷口麵店,支出,銷售成本,宥杏,現金,648,,
2026-03-09,天天記帳,巷口麵店,收入,營收 (銷售額),晚上收入,現金,13200,,
2026-03-09,天天記帳,巷口麵店,收入,營收 (銷售額),LinePay,LinePay,480,,
2026-03-09,天天記帳,巷口麵店,收入,營收 (銷售額),吳伯毅,吳伯毅,2142,,
2026-03-09,天天記帳,巷口麵店,支出,營業支出,營業雜支,現金,50,,
2026-03-09,天天記帳,巷口麵店,支出,生活支出,飲食,現金,44,,
2026-03-09,天天記帳,巷口麵店,支出,銷售成本,宥杏,現金,408,,
2026-03-09,天天記帳,巷口麵店,支出,銷售成本,宥杏,現金,26,,
2026-03-10,天天記帳,巷口麵店,支出,房屋,116房貸,現金,200,電費,
2026-03-10,天天記帳,巷口麵店,支出,房屋,118房貸,現金,400,電費,
2026-03-10,天天記帳,巷口麵店,支出,生活支出,飲食,現金,30,,
2026-03-10,天天記帳,巷口麵店,支出,銷售成本,餛飩,現金,545,,
2026-03-10,天天記帳,巷口麵店,支出,銷售成本,靜宜豬肉,現金,1025,,
2026-03-10,天天記帳,巷口麵店,支出,銷售成本,頭張素料,現金,435,,
2026-03-10,天天記帳,巷口麵店,收入,營收 (銷售額),晚上收入,現金,8850,,
2026-03-10,天天記帳,巷口麵店,收入,營收 (銷售額),吳伯毅,吳伯毅,1347,,
2026-03-10,天天記帳,巷口麵店,支出,銷售成本,水餃,現金,5600,,
2026-03-10,天天記帳,巷口麵店,支出,銷售成本,禾家歡,現金,2210,,
2026-03-10,天天記帳,巷口麵店,支出,銷售成本,宥杏,現金,573,,
2026-03-11,天天記帳,巷口麵店,收入,營收 (銷售額),晚上收入,現金,8915,,
2026-03-11,天天記帳,巷口麵店,收入,營收 (銷售額),吳伯毅,吳伯毅,877,,
2026-03-11,天天記帳,巷口麵店,收入,營收 (銷售額),LinePay,LinePay,170,,
2026-03-11,天天記帳,巷口麵店,支出,生活支出,飲食,現金,98,,
2026-03-11,天天記帳,巷口麵店,支出,銷售成本,宥杏,現金,658,,
2026-03-12,天天記帳,巷口麵店,支出,營業支出,天然氣,現金,187,,
2026-03-12,天天記帳,巷口麵店,支出,房屋,118房貸,現金,200,天然氣,
2026-03-12,天天記帳,巷口麵店,支出,營業支出,電話網路,現金,799,,
2026-03-12,天天記帳,巷口麵店,支出,營業支出,電話網路,現金,654,,
2026-03-12,天天記帳,巷口麵店,支出,營業支出,電費,現金,1081,育賢,
2026-03-12,天天記帳,巷口麵店,支出,營業支出,電費,現金,465,育賢,
2026-03-12,天天記帳,巷口麵店,收入,營收 (銷售額),晚上收入,現金,8370,,
2026-03-12,天天記帳,巷口麵店,支出,銷售成本,頭張素料,現金,165,,
2026-03-12,天天記帳,巷口麵店,收入,營收 (銷售額),LinePay,LinePay,45,,
2026-03-12,天天記帳,巷口麵店,收入,營收 (銷售額),吳伯毅,吳伯毅,2355,,
2026-03-12,天天記帳,巷口麵店,支出,生活支出,飲食,現金,150,,
2026-03-12,天天記帳,巷口麵店,支出,銷售成本,宥杏,現金,370,,
2026-03-12,天天記帳,巷口麵店,支出,銷售成本,宥杏,現金,26,,
2026-03-13,天天記帳,巷口麵店,支出,生活支出,飲食,現金,245,,
2026-03-13,天天記帳,巷口麵店,支出,生活支出,飲食,現金,133,,
2026-03-14,天天記帳,巷口麵店,支出,生活支出,貓,現金,278,,
2026-03-14,天天記帳,巷口麵店,支出,生活支出,飲食,現金,113,,
2026-03-14,天天記帳,巷口麵店,支出,生活支出,旅遊,現金,365,,
2026-03-14,天天記帳,巷口麵店,支出,生活支出,旅遊,現金,365,,
2026-03-14,天天記帳,巷口麵店,支出,生活支出,貓,現金,75,,
2026-03-15,天天記帳,巷口麵店,支出,生活支出,飲食,現金,235,,
2026-03-15,天天記帳,巷口麵店,支出,銷售成本,頭張素料,現金,435,,
2026-03-15,天天記帳,巷口麵店,支出,生活支出,飲食,現金,100,,
2026-03-15,天天記帳,巷口麵店,支出,銷售成本,宥杏,現金,586,,
2026-03-15,天天記帳,巷口麵店,支出,房屋,租金,現金,23000,,
2026-03-16,天天記帳,巷口麵店,收入,營收 (銷售額),吳伯毅,吳伯毅,1634,,
2026-03-16,天天記帳,巷口麵店,收入,營收 (銷售額),晚上收入,現金,12865,,
2026-03-16,天天記帳,巷口麵店,支出,銷售成本,禾家歡,現金,2050,,
2026-03-16,天天記帳,巷口麵店,支出,銷售成本,餛飩,現金,630,,
2026-03-17,天天記帳,巷口麵店,支出,銷售成本,靜宜豬肉,現金,1000,,
2026-03-17,天天記帳,巷口麵店,支出,銷售成本,餛飩,現金,520,,
2026-03-17,天天記帳,巷口麵店,支出,銷售成本,水餃,現金,4000,,
2026-03-17,天天記帳,巷口麵店,收入,營收 (銷售額),晚上收入,現金,11390,,
2026-03-17,天天記帳,巷口麵店,收入,營收 (銷售額),吳伯毅,吳伯毅,365,,
2026-03-17,天天記帳,巷口麵店,支出,銷售成本,宥杏,現金,803,,
2026-03-18,天天記帳,巷口麵店,支出,銷售成本,彰化,現金,1420,,
2026-03-18,天天記帳,巷口麵店,收入,營收 (銷售額),晚上收入,現金,10550,,
2026-03-18,天天記帳,巷口麵店,收入,營收 (銷售額),吳伯毅,吳伯毅,1188,,
2026-03-18,天天記帳,巷口麵店,收入,營收 (銷售額),LinePay,LinePay,450,,
2026-03-18,天天記帳,巷口麵店,支出,銷售成本,宥杏,現金,785,,
2026-03-18,天天記帳,巷口麵店,支出,銷售成本,宥杏,現金,96,,
2026-03-19,天天記帳,巷口麵店,支出,生活支出,好市多,現金,3985,,
2026-03-19,天天記帳,巷口麵店,支出,營業支出,瓦斯,現金,1935,,
2026-03-19,天天記帳,巷口麵店,收入,營收 (銷售額),晚上收入,現金,8380,,
2026-03-19,天天記帳,巷口麵店,收入,營收 (銷售額),LinePay,LinePay,430,,
2026-03-19,天天記帳,巷口麵店,收入,營收 (銷售額),吳伯毅,吳伯毅,1653,,
2026-03-19,天天記帳,巷口麵店,支出,生活支出,汽車,現金,1237,,
2026-03-19,天天記帳,巷口麵店,支出,銷售成本,宥杏,現金,415,,
2026-03-20,天天記帳,巷口麵店,支出,生活支出,飲食,現金,79,,
2026-03-20,天天記帳,巷口麵店,支出,生活支出,旅遊,現金,2030,花,
2026-03-21,天天記帳,巷口麵店,支出,營業支出,電費,現金,949,,
2026-03-21,天天記帳,巷口麵店,支出,營業支出,電費,現金,863,,
2026-03-22,天天記帳,巷口麵店,支出,生活支出,飲食,現金,60,,
2026-03-22,天天記帳,巷口麵店,支出,銷售成本,頭張素料,現金,275,,
2026-03-22,天天記帳,巷口麵店,收入,營收 (銷售額),晚上收入,現金,11505,,
2026-03-22,天天記帳,巷口麵店,收入,營收 (銷售額),LinePay,LinePay,525,,
2026-03-22,天天記帳,巷口麵店,收入,營收 (銷售額),吳伯毅,吳伯毅,2325,,
2026-03-22,天天記帳,巷口麵店,支出,生活支出,飲食,現金,260,,
2026-03-22,天天記帳,巷口麵店,支出,銷售成本,宥杏,現金,535,,
2026-03-23,天天記帳,巷口麵店,收入,營收 (銷售額),晚上收入,現金,10940,,
2026-03-23,天天記帳,巷口麵店,收入,營收 (銷售額),吳伯毅,吳伯毅,373,,
2026-03-23,天天記帳,巷口麵店,收入,營收 (銷售額),LinePay,LinePay,295,,
2026-03-23,天天記帳,巷口麵店,支出,生活支出,飲食,現金,165,,
2026-03-23,天天記帳,巷口麵店,支出,銷售成本,宥杏,現金,532,,
2026-03-24,天天記帳,巷口麵店,收入,營收 (銷售額),晚上收入,現金,9605,,
2026-03-24,天天記帳,巷口麵店,收入,營收 (銷售額),LinePay,LinePay,505,,
2026-03-24,天天記帳,巷口麵店,收入,營收 (銷售額),吳伯毅,吳伯毅,664,,
2026-03-24,天天記帳,巷口麵店,支出,生活支出,飲食,現金,1300,,
2026-03-24,天天記帳,巷口麵店,支出,生活支出,飲食,現金,25,,
2026-03-24,天天記帳,巷口麵店,支出,銷售成本,水餃,現金,4000,,
2026-03-24,天天記帳,巷口麵店,支出,銷售成本,餛飩,現金,525,,
2026-03-24,天天記帳,巷口麵店,支出,銷售成本,靜宜豬肉,現金,1000,,
2026-03-24,天天記帳,巷口麵店,支出,銷售成本,宥杏,現金,665,,
2026-03-25,天天記帳,巷口麵店,支出,銷售成本,十甲旺內臟,現金,700,,
2026-03-25,天天記帳,巷口麵店,支出,銷售成本,頭張素料,現金,435,,
2026-03-25,天天記帳,巷口麵店,收入,營收 (銷售額),LinePay,LinePay,485,,
2026-03-25,天天記帳,巷口麵店,收入,營收 (銷售額),吳伯毅,吳伯毅,1262,,
2026-03-25,天天記帳,巷口麵店,收入,營收 (銷售額),晚上收入,現金,9786,,
2026-03-25,天天記帳,巷口麵店,支出,生活支出,生活雜支,現金,1132,,
2026-03-25,天天記帳,巷口麵店,支出,銷售成本,宥杏,現金,598,,
2026-03-26,天天記帳,巷口麵店,支出,營業支出,瓦斯,現金,645,,
2026-03-26,天天記帳,巷口麵店,支出,銷售成本,禾家歡,現金,2960,,
2026-03-26,天天記帳,巷口麵店,支出,銷售成本,餛飩,現金,270,,
2026-03-26,天天記帳,巷口麵店,支出,生活支出,飲食,現金,480,,
2026-03-26,天天記帳,巷口麵店,收入,營收 (銷售額),晚上收入,現金,9710,,
2026-03-26,天天記帳,巷口麵店,收入,營收 (銷售額),LinePay,LinePay,940,,
2026-03-26,天天記帳,巷口麵店,收入,營收 (銷售額),吳伯毅,吳伯毅,1895,,
2026-03-26,天天記帳,巷口麵店,支出,銷售成本,頭張素料,現金,110,,
2026-03-26,天天記帳,巷口麵店,支出,生活支出,飲食,現金,97,,
2026-03-26,天天記帳,巷口麵店,支出,銷售成本,宥杏,現金,520,,
2026-03-26,天天記帳,巷口麵店,支出,銷售成本,宥杏,現金,50,,
2026-03-27,天天記帳,巷口麵店,支出,銷售成本,豬耳朵,現金,3450,,
2026-03-27,天天記帳,巷口麵店,支出,銷售成本,辣椒,現金,225,,
2026-03-27,天天記帳,巷口麵店,支出,生活支出,飲食,現金,60,,
2026-03-27,天天記帳,巷口麵店,支出,生活支出,飲食,現金,260,,
2026-03-27,天天記帳,巷口麵店,支出,生活支出,飲食,現金,520,,
2026-03-27,天天記帳,巷口麵店,支出,銷售成本,中泰,現金,5000,,
2026-03-27,天天記帳,巷口麵店,支出,房屋,118房貸,現金,2160,,
2026-03-27,天天記帳,巷口麵店,支出,房屋,116房貸,現金,2160,,
2026-03-27,天天記帳,巷口麵店,支出,房屋,潭子房貸,現金,485,,
2026-03-28,天天記帳,巷口麵店,支出,生活支出,好市多,現金,3056,,
2026-03-28,天天記帳,巷口麵店,支出,生活支出,飲食,現金,580,,
2026-03-29,天天記帳,巷口麵店,支出,銷售成本,頭張素料,現金,440,,
2026-03-29,天天記帳,巷口麵店,支出,生活支出,飲食,現金,75,,
2026-03-29,天天記帳,巷口麵店,支出,銷售成本,蛋,現金,2000,,
2026-03-29,天天記帳,巷口麵店,收入,營收 (銷售額),晚上收入,現金,11755,,
2026-03-29,天天記帳,巷口麵店,收入,營收 (銷售額),LinePay,LinePay,275,,
2026-03-29,天天記帳,巷口麵店,收入,營收 (銷售額),吳伯毅,吳伯毅,755,,
2026-03-29,天天記帳,巷口麵店,支出,生活支出,汽車,現金,886,,
2026-03-29,天天記帳,巷口麵店,支出,營業支出,營業雜支,現金,87,,
2026-03-29,天天記帳,巷口麵店,支出,銷售成本,宥杏,現金,623,,
2026-03-30,天天記帳,巷口麵店,收入,營收 (銷售額),晚上收入,現金,12390,,
2026-03-30,天天記帳,巷口麵店,收入,營收 (銷售額),LinePay,LinePay,490,,
2026-03-30,天天記帳,巷口麵店,收入,營收 (銷售額),吳伯毅,吳伯毅,1712,,
2026-03-30,天天記帳,巷口麵店,支出,生活支出,飲食,現金,71,,
2026-03-30,天天記帳,巷口麵店,支出,銷售成本,宥杏,現金,544,,
2026-03-31,天天記帳,巷口麵店,支出,生活支出,汽車,現金,130,,
2026-03-31,天天記帳,巷口麵店,支出,銷售成本,頭張素料,現金,325,,
2026-03-31,天天記帳,巷口麵店,支出,銷售成本,水餃,現金,5600,,
2026-03-31,天天記帳,巷口麵店,支出,銷售成本,靜宜豬肉,現金,1015,,
2026-03-31,天天記帳,巷口麵店,支出,銷售成本,餛飩,現金,535,,
2026-03-31,天天記帳,巷口麵店,收入,營收 (銷售額),晚上收入,現金,8455,,
2026-03-31,天天記帳,巷口麵店,收入,營收 (銷售額),吳伯毅,吳伯毅,2589,,
2026-03-31,天天記帳,巷口麵店,支出,生活支出,飲食,現金,130,,
2026-03-31,天天記帳,巷口麵店,支出,銷售成本,彰化,現金,3100,,
2026-03-31,天天記帳,巷口麵店,支出,銷售成本,杰帆,現金,1970,,
2026-03-31,天天記帳,巷口麵店,支出,銷售成本,宥杏,現金,406,,
2026-04-01,天天記帳,巷口麵店,收入,營收 (銷售額),晚上收入,現金,9394,,
2026-04-01,天天記帳,巷口麵店,支出,銷售成本,頭張素料,現金,275,,
2026-04-01,天天記帳,巷口麵店,支出,銷售成本,餛飩,現金,530,,
2026-04-01,天天記帳,巷口麵店,收入,營收 (銷售額),LinePay,LinePay,565,,
2026-04-01,天天記帳,巷口麵店,收入,營收 (銷售額),吳伯毅,吳伯毅,1502,,
2026-04-01,天天記帳,巷口麵店,支出,生活支出,飲食,現金,50,,
2026-04-01,天天記帳,巷口麵店,支出,生活支出,飲食,現金,100,,
2026-04-01,天天記帳,巷口麵店,支出,生活支出,飲食,現金,404,,
2026-04-01,天天記帳,巷口麵店,支出,銷售成本,宥杏,現金,460,,
2026-04-01,天天記帳,巷口麵店,支出,銷售成本,十甲旺內臟,現金,450,,
2026-04-02,天天記帳,巷口麵店,支出,營業支出,瓦斯,現金,1260,,
2026-04-02,天天記帳,巷口麵店,收入,營收 (銷售額),晚上收入,現金,7405,,
2026-04-02,天天記帳,巷口麵店,支出,銷售成本,靜宜豬肉,現金,1040,,
2026-04-02,天天記帳,巷口麵店,支出,銷售成本,頭張素料,現金,165,,
2026-04-02,天天記帳,巷口麵店,收入,營收 (銷售額),LinePay,LinePay,455,,
2026-04-02,天天記帳,巷口麵店,收入,營收 (銷售額),吳伯毅,吳伯毅,940,,
2026-04-02,天天記帳,巷口麵店,支出,銷售成本,宥杏,現金,556,,
2026-04-03,天天記帳,巷口麵店,支出,生活支出,飲食,現金,182,,
2026-04-03,天天記帳,巷口麵店,支出,生活支出,好市多,現金,1912,,
2026-04-03,天天記帳,巷口麵店,支出,生活支出,飲食,現金,2189,,
2026-04-03,天天記帳,巷口麵店,支出,生活支出,旅遊,現金,1800,,
2026-04-03,天天記帳,巷口麵店,支出,生活支出,飲食,現金,55,,
2026-04-04,天天記帳,巷口麵店,支出,房屋,116房貸,現金,16475,,
2026-04-04,天天記帳,巷口麵店,支出,房屋,116房貸,現金,1964,保險,
2026-04-04,天天記帳,巷口麵店,支出,房屋,118房貸,現金,20997,,
2026-04-04,天天記帳,巷口麵店,支出,房屋,118房貸,現金,2095,保險,
2026-04-04,天天記帳,巷口麵店,支出,房屋,潭子房貸,現金,40919,,
2026-04-05,天天記帳,巷口麵店,支出,生活支出,飲食,現金,133,,
2026-04-05,天天記帳,巷口麵店,支出,銷售成本,頭張素料,現金,660,,
2026-04-05,天天記帳,巷口麵店,收入,營收 (銷售額),晚上收入,現金,7645,,
2026-04-05,天天記帳,巷口麵店,收入,營收 (銷售額),吳伯毅,吳伯毅,2477,,
2026-04-05,天天記帳,巷口麵店,支出,銷售成本,宥杏,現金,603,,
2026-04-06,天天記帳,巷口麵店,收入,營收 (銷售額),晚上收入,現金,10310,,
2026-04-06,天天記帳,巷口麵店,收入,營收 (銷售額),LinePay,LinePay,215,,
2026-04-06,天天記帳,巷口麵店,收入,營收 (銷售額),吳伯毅,吳伯毅,1653,,
2026-04-06,天天記帳,巷口麵店,支出,銷售成本,麵,現金,7020,,
2026-04-06,天天記帳,巷口麵店,支出,生活支出,串流平台,現金,569,,
2026-04-06,天天記帳,巷口麵店,支出,銷售成本,宥杏,現金,471,,
2026-04-07,天天記帳,巷口麵店,支出,銷售成本,水餃,現金,4000,,
2026-04-07,天天記帳,巷口麵店,收入,營收 (銷售額),晚上收入,現金,9979,,
2026-04-07,天天記帳,巷口麵店,收入,營收 (銷售額),LinePay,LinePay,530,,
2026-04-07,天天記帳,巷口麵店,收入,營收 (銷售額),吳伯毅,吳伯毅,379,,
2026-04-07,天天記帳,巷口麵店,支出,生活支出,飲食,現金,58,,
2026-04-07,天天記帳,巷口麵店,支出,銷售成本,餛飩,現金,595,,
2026-04-07,天天記帳,巷口麵店,支出,銷售成本,十甲旺內臟,現金,375,,
2026-04-07,天天記帳,巷口麵店,支出,銷售成本,十甲旺內臟,現金,940,,
2026-04-07,天天記帳,巷口麵店,支出,銷售成本,宥杏,現金,591,,
2026-04-08,天天記帳,巷口麵店,支出,銷售成本,餛飩,現金,530,,
2026-04-08,天天記帳,巷口麵店,支出,銷售成本,頭張素料,現金,165,,
2026-04-08,天天記帳,巷口麵店,支出,生活支出,飲食,現金,100,,
2026-04-08,天天記帳,巷口麵店,支出,生活支出,好市多,現金,3368,,
2026-04-08,天天記帳,巷口麵店,支出,生活支出,好市多,現金,1349,,
2026-04-08,天天記帳,巷口麵店,收入,營收 (銷售額),吳伯毅,吳伯毅,2100,,
2026-04-08,天天記帳,巷口麵店,收入,營收 (銷售額),晚上收入,現金,11196,,
2026-04-08,天天記帳,巷口麵店,支出,銷售成本,宥杏,現金,516,,
2026-04-09,天天記帳,巷口麵店,支出,營業支出,電話網路,現金,799,,
2026-04-09,天天記帳,巷口麵店,支出,營業支出,電話網路,現金,654,,
2026-04-09,天天記帳,巷口麵店,收入,營收 (銷售額),LinePay,LinePay,110,,
2026-04-09,天天記帳,巷口麵店,收入,營收 (銷售額),吳伯毅,吳伯毅,2047,,
2026-04-09,天天記帳,巷口麵店,支出,營業支出,瓦斯,現金,645,,
2026-04-09,天天記帳,巷口麵店,收入,營收 (銷售額),晚上收入,現金,7790,,
2026-04-09,天天記帳,巷口麵店,支出,銷售成本,宥杏,現金,599,,
2026-04-10,天天記帳,巷口麵店,支出,銷售成本,九大,現金,2530,,
2026-04-10,天天記帳,巷口麵店,支出,生活支出,好市多,現金,359,,
2026-04-11,天天記帳,巷口麵店,支出,生活支出,飲食,現金,700,,
2026-04-11,天天記帳,巷口麵店,支出,生活支出,飲食,現金,213,,
2026-04-11,天天記帳,巷口麵店,支出,生活支出,飲食,現金,197,,
2026-04-11,天天記帳,巷口麵店,支出,生活支出,飲食,現金,65,,
2026-04-11,天天記帳,巷口麵店,支出,生活支出,飲食,現金,65,,
2026-04-11,天天記帳,巷口麵店,支出,生活支出,飲食,現金,60,,
2026-04-11,天天記帳,巷口麵店,支出,銷售成本,十甲旺內臟,現金,690,,
2026-04-12,天天記帳,巷口麵店,收入,營收 (銷售額),晚上收入,現金,14085,,
2026-04-12,天天記帳,巷口麵店,支出,銷售成本,頭張素料,現金,600,,
2026-04-12,天天記帳,巷口麵店,收入,營收 (銷售額),LinePay,LinePay,365,,
2026-04-12,天天記帳,巷口麵店,收入,營收 (銷售額),吳伯毅,吳伯毅,2562,,
2026-04-12,天天記帳,巷口麵店,支出,銷售成本,宥杏,現金,531,,
2026-04-13,天天記帳,巷口麵店,收入,營收 (銷售額),晚上收入,現金,11240,,
2026-04-13,天天記帳,巷口麵店,收入,營收 (銷售額),吳伯毅,吳伯毅,1265,,
2026-04-13,天天記帳,巷口麵店,支出,銷售成本,宥杏,現金,806,,
2026-04-13,天天記帳,巷口麵店,支出,營業支出,設備,現金,436,,
2026-04-14,天天記帳,巷口麵店,支出,營業支出,水費,現金,1192,,
2026-04-14,天天記帳,巷口麵店,支出,銷售成本,頭張素料,現金,220,,
2026-04-14,天天記帳,巷口麵店,支出,銷售成本,靜宜豬肉,現金,1000,,
2026-04-14,天天記帳,巷口麵店,支出,銷售成本,餛飩,現金,520,,
2026-04-14,天天記帳,巷口麵店,支出,銷售成本,水餃,現金,4800,,
2026-04-14,天天記帳,巷口麵店,支出,銷售成本,禾家歡,現金,1960,,
2026-04-14,天天記帳,巷口麵店,支出,銷售成本,十甲旺內臟,現金,870,,
2026-04-14,天天記帳,巷口麵店,收入,營收 (銷售額),晚上收入,現金,7930,,
2026-04-14,天天記帳,巷口麵店,收入,營收 (銷售額),LinePay,LinePay,270,,
2026-04-14,天天記帳,巷口麵店,收入,營收 (銷售額),吳伯毅,吳伯毅,2137,,
2026-04-14,天天記帳,巷口麵店,支出,銷售成本,宥杏,現金,690,,
2026-04-14,天天記帳,巷口麵店,支出,生活支出,飲食,現金,99,,
2026-04-14,天天記帳,巷口麵店,支出,營業支出,設備,現金,68,,
2026-04-15,天天記帳,巷口麵店,支出,營業支出,瓦斯,現金,1140,,
2026-04-15,天天記帳,巷口麵店,收入,營收 (銷售額),吳伯毅,吳伯毅,339,,
2026-04-15,天天記帳,巷口麵店,收入,營收 (銷售額),晚上收入,現金,11650,,
2026-04-15,天天記帳,巷口麵店,支出,生活支出,飲食,現金,620,,
2026-04-15,天天記帳,巷口麵店,支出,房屋,租金,現金,23000,,
2026-04-15,天天記帳,巷口麵店,支出,銷售成本,宥杏,現金,642,,
2026-04-15,天天記帳,巷口麵店,支出,生活支出,飲食,現金,96,,
2026-04-15,天天記帳,巷口麵店,支出,營業支出,設備,現金,490,,
2026-04-16,天天記帳,巷口麵店,支出,生活支出,飲食,現金,205,,
2026-04-16,天天記帳,巷口麵店,支出,生活支出,飲食,現金,514,,
2026-04-16,天天記帳,巷口麵店,支出,生活支出,飲食,現金,185,,
2026-04-16,天天記帳,巷口麵店,收入,營收 (銷售額),晚上收入,現金,9315,,
2026-04-16,天天記帳,巷口麵店,收入,營收 (銷售額),吳伯毅,吳伯毅,1052,,
2026-04-16,天天記帳,巷口麵店,支出,銷售成本,宥杏,現金,542,,
2026-04-17,天天記帳,巷口麵店,支出,銷售成本,禾家歡,現金,2350,,
2026-04-17,天天記帳,巷口麵店,支出,生活支出,飲食,現金,400,,
2026-04-17,天天記帳,巷口麵店,支出,生活支出,飲食,現金,878,,
2026-04-17,天天記帳,巷口麵店,支出,生活支出,貓,現金,580,,
2026-04-17,天天記帳,巷口麵店,支出,銷售成本,粉腸,現金,3200,,
2026-04-18,天天記帳,巷口麵店,支出,營業支出,水費,現金,260,,
2026-04-18,天天記帳,巷口麵店,支出,房屋,118房貸,現金,94,,
2026-04-18,天天記帳,巷口麵店,支出,房屋,116房貸,現金,94,,
2026-04-18,天天記帳,巷口麵店,支出,生活支出,飲食,現金,505,,
2026-04-18,天天記帳,巷口麵店,支出,生活支出,飲食,現金,100,,
2026-04-18,天天記帳,巷口麵店,支出,生活支出,汽車,現金,1334,,
2026-04-18,天天記帳,巷口麵店,支出,生活支出,飲食,現金,303,,
2026-04-18,天天記帳,巷口麵店,支出,生活支出,飲食,現金,400,,
2026-04-19,天天記帳,巷口麵店,支出,銷售成本,頭張素料,現金,570,,
2026-04-19,天天記帳,巷口麵店,收入,營收 (銷售額),晚上收入,現金,11030,,
2026-04-19,天天記帳,巷口麵店,收入,營收 (銷售額),LinePay,LinePay,705,,
2026-04-19,天天記帳,巷口麵店,收入,營收 (銷售額),吳伯毅,吳伯毅,1857,,
2026-04-19,天天記帳,巷口麵店,支出,生活支出,飲食,現金,138,,
2026-04-19,天天記帳,巷口麵店,支出,銷售成本,宥杏,現金,905,,
2026-04-19,天天記帳,巷口麵店,支出,銷售成本,十甲旺內臟,現金,780,,
2026-04-20,天天記帳,巷口麵店,收入,營收 (銷售額),晚上收入,現金,12595,,
2026-04-20,天天記帳,巷口麵店,收入,營收 (銷售額),LinePay,LinePay,235,,
2026-04-20,天天記帳,巷口麵店,收入,營收 (銷售額),吳伯毅,吳伯毅,1637,,
2026-04-20,天天記帳,巷口麵店,支出,生活支出,貓,現金,339,,
2026-04-20,天天記帳,巷口麵店,支出,銷售成本,宥杏,現金,534,,
2026-04-20,天天記帳,巷口麵店,支出,銷售成本,十甲旺內臟,現金,780,,
2026-04-21,天天記帳,巷口麵店,支出,銷售成本,靜宜豬肉,現金,1000,,
2026-04-21,天天記帳,巷口麵店,支出,銷售成本,餛飩,現金,530,,
2026-04-21,天天記帳,巷口麵店,支出,銷售成本,頭張素料,現金,350,,
2026-04-21,天天記帳,巷口麵店,支出,銷售成本,水餃,現金,4800,,
2026-04-21,天天記帳,巷口麵店,收入,營收 (銷售額),晚上收入,現金,12885,,
2026-04-21,天天記帳,巷口麵店,收入,營收 (銷售額),吳伯毅,吳伯毅,497,,
2026-04-21,天天記帳,巷口麵店,支出,銷售成本,宥杏,現金,686,,
2026-04-21,天天記帳,巷口麵店,支出,生活支出,好市多,現金,4477,,
2026-04-22,天天記帳,巷口麵店,支出,營業支出,瓦斯,現金,645,,
2026-04-22,天天記帳,巷口麵店,支出,銷售成本,頭張素料,現金,330,,
2026-04-22,天天記帳,巷口麵店,收入,營收 (銷售額),晚上收入,現金,10415,,
2026-04-22,天天記帳,巷口麵店,收入,營收 (銷售額),吳伯毅,吳伯毅,1757,,
2026-04-22,天天記帳,巷口麵店,支出,生活支出,飲食,現金,1463,,
2026-04-22,天天記帳,巷口麵店,支出,銷售成本,宥杏,現金,575,,
2026-04-22,天天記帳,巷口麵店,支出,銷售成本,十甲旺內臟,現金,780,,
2026-04-23,天天記帳,巷口麵店,收入,營收 (銷售額),晚上收入,現金,8145,,
2026-04-23,天天記帳,巷口麵店,收入,營收 (銷售額),吳伯毅,吳伯毅,1176,,
2026-04-23,天天記帳,巷口麵店,收入,營收 (銷售額),LinePay,LinePay,790,,
2026-04-23,天天記帳,巷口麵店,支出,銷售成本,宥杏,現金,505,,
2026-04-24,天天記帳,巷口麵店,支出,銷售成本,彰化,現金,2130,,
2026-04-24,天天記帳,巷口麵店,支出,銷售成本,十甲旺內臟,現金,480,,
2026-04-25,天天記帳,巷口麵店,支出,生活支出,汽車,現金,20,,
2026-04-25,天天記帳,巷口麵店,支出,生活支出,飲食,現金,250,,
2026-04-25,天天記帳,巷口麵店,支出,生活支出,飲食,現金,367,,
2026-04-25,天天記帳,巷口麵店,支出,生活支出,飲食,現金,188,,
2026-04-26,天天記帳,巷口麵店,收入,營收 (銷售額),晚上收入,現金,14265,,
2026-04-26,天天記帳,巷口麵店,支出,銷售成本,頭張素料,現金,505,,
2026-04-26,天天記帳,巷口麵店,支出,生活支出,飲食,現金,17,,
2026-04-26,天天記帳,巷口麵店,支出,生活支出,飲食,現金,50,,
2026-04-26,天天記帳,巷口麵店,支出,生活支出,飲食,現金,1134,,
2026-04-26,天天記帳,巷口麵店,收入,營收 (銷售額),LinePay,LinePay,260,,
2026-04-26,天天記帳,巷口麵店,收入,營收 (銷售額),吳伯毅,吳伯毅,1043,,
2026-04-26,天天記帳,巷口麵店,支出,銷售成本,宥杏,現金,751,,
2026-04-26,天天記帳,巷口麵店,支出,銷售成本,十甲旺內臟,現金,600,,
2026-04-27,天天記帳,巷口麵店,收入,營收 (銷售額),晚上收入,現金,10535,,
2026-04-27,天天記帳,巷口麵店,收入,營收 (銷售額),LinePay,LinePay,255,,
2026-04-27,天天記帳,巷口麵店,收入,營收 (銷售額),吳伯毅,吳伯毅,1517,,
2026-04-27,天天記帳,巷口麵店,支出,銷售成本,宥杏,現金,705,,
2026-04-28,天天記帳,巷口麵店,支出,銷售成本,頭張素料,現金,165,,
2026-04-28,天天記帳,巷口麵店,支出,銷售成本,水餃,現金,4800,,
2026-04-28,天天記帳,巷口麵店,支出,銷售成本,彰化,現金,2560,,
2026-04-28,天天記帳,巷口麵店,支出,銷售成本,靜宜豬肉,現金,1000,,
2026-04-28,天天記帳,巷口麵店,支出,銷售成本,餛飩,現金,525,,
2026-04-28,天天記帳,巷口麵店,收入,營收 (銷售額),晚上收入,現金,9525,,
2026-04-28,天天記帳,巷口麵店,收入,營收 (銷售額),吳伯毅,吳伯毅,457,,
2026-04-28,天天記帳,巷口麵店,支出,銷售成本,九大,現金,2360,,
2026-04-28,天天記帳,巷口麵店,支出,銷售成本,宥杏,現金,651,,
2026-04-29,天天記帳,巷口麵店,支出,銷售成本,頭張素料,現金,65,,
2026-04-29,天天記帳,巷口麵店,支出,銷售成本,餛飩,現金,500,,
2026-04-29,天天記帳,巷口麵店,支出,銷售成本,餛飩,現金,630,,
2026-04-29,天天記帳,巷口麵店,支出,生活支出,飲食,現金,63,,
2026-04-29,天天記帳,巷口麵店,支出,生活支出,飲食,現金,25,,
2026-04-29,天天記帳,巷口麵店,收入,營收 (銷售額),LinePay,LinePay,275,,
2026-04-29,天天記帳,巷口麵店,收入,營收 (銷售額),吳伯毅,吳伯毅,2217,,
2026-04-29,天天記帳,巷口麵店,收入,營收 (銷售額),晚上收入,現金,8030,,
2026-04-29,天天記帳,巷口麵店,支出,生活支出,飲食,現金,100,,
2026-04-29,天天記帳,巷口麵店,支出,銷售成本,宥杏,現金,538,,
2026-04-29,天天記帳,巷口麵店,支出,銷售成本,杰帆,現金,1450,,
2026-04-30,天天記帳,巷口麵店,支出,銷售成本,禾家歡,現金,2080,,
2026-04-30,天天記帳,巷口麵店,收入,營收 (銷售額),LinePay,LinePay,1155,,
2026-04-30,天天記帳,巷口麵店,收入,營收 (銷售額),吳伯毅,吳伯毅,1163,,
2026-04-30,天天記帳,巷口麵店,收入,營收 (銷售額),晚上收入,現金,9900,,
2026-04-30,天天記帳,巷口麵店,支出,生活支出,飲食,現金,401,,
2026-04-30,天天記帳,巷口麵店,支出,生活支出,汽車,現金,880,,
2026-04-30,天天記帳,巷口麵店,支出,銷售成本,宥杏,現金,805,,
2026-04-30,天天記帳,巷口麵店,支出,銷售成本,蛋,現金,3000,,
2026-05-01,天天記帳,巷口麵店,支出,房屋,潭子房貸,現金,505,,
2026-05-01,天天記帳,巷口麵店,支出,生活支出,飲食,現金,45,,
2026-05-01,天天記帳,巷口麵店,支出,生活支出,貓,現金,1600,,
2026-05-01,天天記帳,巷口麵店,支出,生活支出,飲食,現金,988,,
2026-05-01,天天記帳,巷口麵店,支出,營業支出,健保,現金,3304,,
2026-05-01,天天記帳,巷口麵店,支出,營業支出,健保,現金,3304,,
2026-05-01,天天記帳,巷口麵店,支出,生活支出,汽車,現金,11230,,
2026-05-01,天天記帳,巷口麵店,支出,生活支出,生活雜支,現金,330,,
2026-05-01,天天記帳,巷口麵店,支出,生活支出,飲食,現金,150,,
2026-05-02,天天記帳,巷口麵店,支出,營業支出,健保,現金,1652,,
2026-05-02,天天記帳,巷口麵店,支出,營業支出,健保,現金,1652,,
2026-05-02,天天記帳,巷口麵店,支出,生活支出,好市多,現金,5573,,
2026-05-02,天天記帳,巷口麵店,支出,生活支出,生活雜支,現金,162,,
2026-05-02,天天記帳,巷口麵店,支出,營業支出,設備,現金,1566,燉鍋,
2026-05-02,天天記帳,巷口麵店,支出,生活支出,生活雜支,現金,183,,
2026-05-02,天天記帳,巷口麵店,支出,營業支出,營業雜支,現金,106,,
2026-05-02,天天記帳,巷口麵店,支出,生活支出,飲食,現金,49,,
2026-05-03,天天記帳,巷口麵店,支出,銷售成本,頭張素料,現金,650,,
2026-05-03,天天記帳,巷口麵店,收入,營收 (銷售額),晚上收入,現金,14145,,
2026-05-03,天天記帳,巷口麵店,收入,營收 (銷售額),LinePay,LinePay,405,,
2026-05-03,天天記帳,巷口麵店,收入,營收 (銷售額),吳伯毅,吳伯毅,3010,,
2026-05-03,天天記帳,巷口麵店,收入,房屋,租金,現金,46000,,
2026-05-03,天天記帳,巷口麵店,支出,生活支出,飲食,現金,78,,
2026-05-03,天天記帳,巷口麵店,支出,銷售成本,宥杏,現金,664,,
2026-05-04,天天記帳,巷口麵店,收入,營收 (銷售額),晚上收入,現金,12195,,
2026-05-04,天天記帳,巷口麵店,收入,營收 (銷售額),LinePay,LinePay,150,,
2026-05-04,天天記帳,巷口麵店,收入,營收 (銷售額),吳伯毅,現金,373,,
2026-05-04,天天記帳,巷口麵店,支出,房屋,116房貸,現金,16475,,
2026-05-04,天天記帳,巷口麵店,支出,房屋,潭子房貸,現金,40919,,
2026-05-04,天天記帳,巷口麵店,支出,房屋,118房貸,現金,20997,,
2026-05-04,天天記帳,巷口麵店,支出,銷售成本,宥杏,現金,640,,
2026-05-05,天天記帳,巷口麵店,支出,銷售成本,頭張素料,現金,290,,
2026-05-05,天天記帳,巷口麵店,支出,銷售成本,靜宜豬肉,現金,1000,,
2026-05-05,天天記帳,巷口麵店,支出,銷售成本,餛飩,現金,530,,
2026-05-05,天天記帳,巷口麵店,支出,銷售成本,水餃,現金,4000,,
2026-05-05,天天記帳,巷口麵店,收入,營收 (銷售額),晚上收入,現金,12240,,
2026-05-05,天天記帳,巷口麵店,收入,營收 (銷售額),吳伯毅,吳伯毅,1852,,
2026-05-05,天天記帳,巷口麵店,支出,銷售成本,禾家歡,現金,2085,,
2026-05-05,天天記帳,巷口麵店,支出,銷售成本,十甲旺內臟,現金,780,,
2026-05-05,天天記帳,巷口麵店,支出,生活支出,飲食,現金,282,,
2026-05-05,天天記帳,巷口麵店,支出,銷售成本,宥杏,現金,672,,
2026-05-06,天天記帳,巷口麵店,支出,營業支出,瓦斯,現金,645,,
2026-05-06,天天記帳,巷口麵店,收入,營收 (銷售額),晚上收入,現金,8825,,
2026-05-06,天天記帳,巷口麵店,收入,營收 (銷售額),LinePay,LinePay,350,,
2026-05-06,天天記帳,巷口麵店,收入,營收 (銷售額),吳伯毅,吳伯毅,476,,
2026-05-06,天天記帳,巷口麵店,支出,生活支出,串流平台,現金,569,,
2026-05-06,天天記帳,巷口麵店,支出,銷售成本,宥杏,現金,638,,
2026-05-06,天天記帳,巷口麵店,支出,銷售成本,麵,現金,6420,,
2026-05-07,天天記帳,巷口麵店,支出,營業支出,天然氣,現金,150,,
2026-05-07,天天記帳,巷口麵店,支出,銷售成本,禾家歡,現金,470,,
2026-05-07,天天記帳,巷口麵店,支出,房屋,118房貸,現金,4000,鎖,
2026-05-07,天天記帳,巷口麵店,支出,生活支出,飲食,現金,780,,
2026-05-07,天天記帳,巷口麵店,收入,營收 (銷售額),晚上收入,現金,9775,,
2026-05-07,天天記帳,巷口麵店,收入,營收 (銷售額),LinePay,LinePay,275,,
2026-05-07,天天記帳,巷口麵店,收入,營收 (銷售額),吳伯毅,吳伯毅,732,,
2026-05-07,天天記帳,巷口麵店,支出,銷售成本,宥杏,現金,770,,
2026-05-08,天天記帳,巷口麵店,支出,生活支出,飲食,現金,46,,
2026-05-08,天天記帳,巷口麵店,支出,生活支出,飲食,現金,25,,
2026-05-09,天天記帳,巷口麵店,支出,營業支出,天然氣,現金,162,,
2026-05-09,天天記帳,巷口麵店,支出,房屋,116房貸,現金,204,,
2026-05-09,天天記帳,巷口麵店,支出,房屋,118房貸,現金,200,,
2026-05-09,天天記帳,巷口麵店,支出,營業支出,電話網路,現金,799,,
2026-05-09,天天記帳,巷口麵店,支出,營業支出,電話網路,現金,654,,
2026-05-09,天天記帳,巷口麵店,支出,生活支出,飲食,現金,297,,
2026-05-09,天天記帳,巷口麵店,支出,生活支出,生活雜支,現金,600,,
2026-05-09,天天記帳,巷口麵店,支出,生活支出,飲食,現金,348,,
2026-05-09,天天記帳,巷口麵店,支出,生活支出,飲食,現金,46,,
2026-05-10,天天記帳,巷口麵店,收入,營收 (銷售額),晚上收入,現金,11260,,
2026-05-10,天天記帳,巷口麵店,收入,營收 (銷售額),LinePay,LinePay,1195,,
2026-05-10,天天記帳,巷口麵店,收入,營收 (銷售額),吳伯毅,吳伯毅,2320,,
2026-05-10,天天記帳,巷口麵店,支出,生活支出,飲食,現金,63,,
2026-05-10,天天記帳,巷口麵店,支出,銷售成本,頭張素料,現金,580,,
2026-05-10,天天記帳,巷口麵店,支出,銷售成本,宥杏,現金,646,,
2026-05-11,天天記帳,巷口麵店,支出,房屋,118房貸,現金,400,,
2026-05-11,天天記帳,巷口麵店,支出,房屋,116房貸,現金,200,,
2026-05-11,天天記帳,巷口麵店,支出,營業支出,電費,現金,1770,育賢路,
2026-05-11,天天記帳,巷口麵店,支出,生活支出,好市多,現金,3835,,
2026-05-11,天天記帳,巷口麵店,收入,營收 (銷售額),晚上收入,現金,9990,,
2026-05-11,天天記帳,巷口麵店,收入,營收 (銷售額),LinePay,LinePay,435,,
2026-05-11,天天記帳,巷口麵店,收入,營收 (銷售額),吳伯毅,吳伯毅,165,,
2026-05-11,天天記帳,巷口麵店,支出,銷售成本,宥杏,現金,598,,
2026-05-11,天天記帳,巷口麵店,支出,銷售成本,九大,現金,2010,,
2026-05-12,天天記帳,巷口麵店,支出,銷售成本,十甲旺內臟,現金,1560,,
2026-05-12,天天記帳,巷口麵店,支出,銷售成本,頭張素料,現金,165,,
2026-05-12,天天記帳,巷口麵店,支出,銷售成本,靜宜豬肉,現金,1000,,
2026-05-12,天天記帳,巷口麵店,支出,銷售成本,餛飩,現金,530,,
2026-05-12,天天記帳,巷口麵店,支出,銷售成本,水餃,現金,4000,,
2026-05-12,天天記帳,巷口麵店,收入,營收 (銷售額),晚上收入,現金,7770,,
2026-05-12,天天記帳,巷口麵店,收入,營收 (銷售額),LinePay,LinePay,565,,
2026-05-12,天天記帳,巷口麵店,收入,營收 (銷售額),吳伯毅,吳伯毅,1173,,
2026-05-12,天天記帳,巷口麵店,支出,生活支出,汽車,現金,1433,,
2026-05-12,天天記帳,巷口麵店,支出,生活支出,飲食,現金,153,,
2026-05-12,天天記帳,巷口麵店,支出,生活支出,飲食,現金,141,,
2026-05-12,天天記帳,巷口麵店,支出,生活支出,生活雜支,現金,199,,
2026-05-12,天天記帳,巷口麵店,支出,銷售成本,宥杏,現金,634,,
2026-05-13,天天記帳,巷口麵店,收入,營收 (銷售額),晚上收入,現金,9145,,
2026-05-13,天天記帳,巷口麵店,支出,營業支出,瓦斯,現金,645,,
2026-05-13,天天記帳,巷口麵店,收入,營收 (銷售額),LinePay,LinePay,1055,,
2026-05-13,天天記帳,巷口麵店,支出,生活支出,飲食,現金,248,,
2026-05-13,天天記帳,巷口麵店,支出,銷售成本,宥杏,現金,628,,
2026-05-13,天天記帳,巷口麵店,支出,銷售成本,宥杏,現金,96,,
2026-05-14,天天記帳,巷口麵店,支出,銷售成本,彰化,現金,2140,,
2026-05-14,天天記帳,巷口麵店,支出,銷售成本,蛋,現金,2000,,
2026-05-14,天天記帳,巷口麵店,收入,營收 (銷售額),晚上收入,現金,8905,,
2026-05-14,天天記帳,巷口麵店,收入,營收 (銷售額),LinePay,LinePay,605,,
2026-05-14,天天記帳,巷口麵店,收入,營收 (銷售額),吳伯毅,吳伯毅,2411,,
2026-05-14,天天記帳,巷口麵店,支出,生活支出,機車,現金,150,,
2026-05-14,天天記帳,巷口麵店,支出,生活支出,飲食,現金,910,,
2026-05-14,天天記帳,巷口麵店,支出,生活支出,飲食,現金,160,,
2026-05-14,天天記帳,巷口麵店,支出,營業支出,營業雜支,現金,483,,
2026-05-14,天天記帳,巷口麵店,支出,銷售成本,宥杏,現金,497,,
2026-05-14,天天記帳,巷口麵店,支出,房屋,116房貸,現金,29400,兩戶中間格間,
2026-05-15,天天記帳,巷口麵店,支出,生活支出,飲食,現金,39,,
2026-05-15,天天記帳,巷口麵店,支出,生活支出,飲食,現金,90,,
2026-05-15,天天記帳,巷口麵店,支出,生活支出,飲食,現金,700,,
2026-05-15,天天記帳,巷口麵店,支出,房屋,租金,現金,23000,,
2026-05-16,天天記帳,巷口麵店,支出,生活支出,飲食,現金,85,,
2026-05-16,天天記帳,巷口麵店,支出,生活支出,飲食,現金,768,,
2026-05-16,天天記帳,巷口麵店,支出,生活支出,生活雜支,現金,98,,
2026-05-17,天天記帳,巷口麵店,支出,銷售成本,粉腸,現金,340,,
2026-05-17,天天記帳,巷口麵店,支出,銷售成本,頭張素料,現金,525,,
2026-05-17,天天記帳,巷口麵店,收入,營收 (銷售額),晚上收入,現金,11755,,
2026-05-17,天天記帳,巷口麵店,收入,營收 (銷售額),LinePay,LinePay,260,,
2026-05-17,天天記帳,巷口麵店,收入,營收 (銷售額),吳伯毅,吳伯毅,1760,,
2026-05-17,天天記帳,巷口麵店,支出,生活支出,飲食,現金,538,,
2026-05-17,天天記帳,巷口麵店,支出,銷售成本,宥杏,現金,544,,
2026-05-18,天天記帳,巷口麵店,支出,生活支出,飲食,現金,1285,,
2026-05-18,天天記帳,巷口麵店,收入,營收 (銷售額),LinePay,LinePay,110,,
2026-05-18,天天記帳,巷口麵店,收入,營收 (銷售額),吳伯毅,吳伯毅,662,,
2026-05-18,天天記帳,巷口麵店,收入,營收 (銷售額),晚上收入,現金,11405,,
2026-05-18,天天記帳,巷口麵店,支出,營業支出,營業雜支,現金,190,,
2026-05-18,天天記帳,巷口麵店,支出,銷售成本,宥杏,現金,457,,
2026-05-19,天天記帳,巷口麵店,支出,銷售成本,禾家歡,現金,2075,,
2026-05-19,天天記帳,巷口麵店,支出,銷售成本,蛋,現金,960,,
2026-05-19,天天記帳,巷口麵店,支出,銷售成本,粉腸,現金,780,,
2026-05-19,天天記帳,巷口麵店,支出,銷售成本,水餃,現金,4800,,
2026-05-19,天天記帳,巷口麵店,支出,銷售成本,靜宜豬肉,現金,1000,,
2026-05-19,天天記帳,巷口麵店,支出,銷售成本,餛飩,現金,530,,
2026-05-19,天天記帳,巷口麵店,支出,銷售成本,頭張素料,現金,265,,
2026-05-19,天天記帳,巷口麵店,收入,營收 (銷售額),LinePay,LinePay,270,,
2026-05-19,天天記帳,巷口麵店,收入,營收 (銷售額),吳伯毅,吳伯毅,1282,,
2026-05-19,天天記帳,巷口麵店,收入,營收 (銷售額),晚上收入,現金,9344,,
2026-05-19,天天記帳,巷口麵店,支出,營業支出,營業雜支,現金,225,,
2026-05-19,天天記帳,巷口麵店,支出,銷售成本,宥杏,現金,545,,
2026-05-20,天天記帳,巷口麵店,支出,銷售成本,杰帆,現金,2960,,
2026-05-20,天天記帳,巷口麵店,收入,營收 (銷售額),晚上收入,現金,8175,,
2026-05-20,天天記帳,巷口麵店,收入,營收 (銷售額),LinePay,LinePay,100,,
2026-05-20,天天記帳,巷口麵店,收入,營收 (銷售額),吳伯毅,吳伯毅,1780,,
2026-05-20,天天記帳,巷口麵店,支出,銷售成本,宥杏,現金,678,,
2026-05-20,天天記帳,巷口麵店,支出,營業支出,瓦斯,現金,645,,
2026-05-21,天天記帳,巷口麵店,收入,營收 (銷售額),晚上收入,現金,7725,,
2026-05-21,天天記帳,巷口麵店,收入,營收 (銷售額),LinePay,LinePay,510,,
2026-05-21,天天記帳,巷口麵店,收入,營收 (銷售額),吳伯毅,吳伯毅,1129,,
2026-05-21,天天記帳,巷口麵店,支出,生活支出,飲食,現金,118,,
2026-05-21,天天記帳,巷口麵店,支出,生活支出,飲食,現金,20,,
2026-05-21,天天記帳,巷口麵店,支出,銷售成本,宥杏,現金,607,,
2026-05-21,天天記帳,巷口麵店,支出,銷售成本,宥杏,現金,154,,
2026-05-21,天天記帳,巷口麵店,支出,銷售成本,九大,現金,2410,,
2026-05-22,天天記帳,巷口麵店,支出,生活支出,飲食,現金,330,海鮮,
2026-05-22,天天記帳,巷口麵店,支出,生活支出,飲食,現金,450,豬肉,
2026-05-22,天天記帳,巷口麵店,支出,生活支出,飲食,現金,223,菜,
2026-05-22,天天記帳,巷口麵店,支出,生活支出,飲食,現金,140,,
2026-05-22,天天記帳,巷口麵店,支出,銷售成本,豬耳朵,現金,3450,,
2026-05-22,天天記帳,巷口麵店,支出,銷售成本,中泰,現金,8000,,
2026-05-22,天天記帳,巷口麵店,支出,生活支出,飲食,現金,1155,海鮮,
2026-05-22,天天記帳,巷口麵店,支出,生活支出,汽車,現金,450,,
2026-05-22,天天記帳,巷口麵店,支出,生活支出,生活雜支,現金,390,,
2026-05-22,天天記帳,巷口麵店,支出,生活支出,飲食,現金,1649,,
2026-05-22,天天記帳,巷口麵店,支出,生活支出,飲食,現金,100,,
2026-05-23,天天記帳,巷口麵店,支出,生活支出,飲食,現金,152,,
2026-05-24,天天記帳,巷口麵店,收入,營收 (銷售額),晚上收入,現金,11655,,
2026-05-24,天天記帳,巷口麵店,支出,銷售成本,頭張素料,現金,470,,
2026-05-24,天天記帳,巷口麵店,收入,營收 (銷售額),LinePay,LinePay,260,,
2026-05-24,天天記帳,巷口麵店,收入,營收 (銷售額),吳伯毅,吳伯毅,1516,,
2026-05-24,天天記帳,巷口麵店,支出,生活支出,飲食,現金,125,,
2026-05-24,天天記帳,巷口麵店,支出,生活支出,飲食,現金,2047,,
2026-05-24,天天記帳,巷口麵店,支出,生活支出,飲食,現金,156,,
2026-05-24,天天記帳,巷口麵店,支出,銷售成本,宥杏,現金,577,,
2026-05-25,天天記帳,巷口麵店,支出,生活支出,飲食,現金,718,,
2026-05-25,天天記帳,巷口麵店,支出,生活支出,飲食,現金,125,,
2026-05-25,天天記帳,巷口麵店,收入,營收 (銷售額),晚上收入,現金,10400,,
2026-05-25,天天記帳,巷口麵店,收入,營收 (銷售額),LinePay,LinePay,325,,
2026-05-25,天天記帳,巷口麵店,收入,營收 (銷售額),吳伯毅,吳伯毅,1047,,
2026-05-25,天天記帳,巷口麵店,支出,銷售成本,蛋,現金,850,,
2026-05-25,天天記帳,巷口麵店,支出,銷售成本,粉腸,現金,780,,
2026-05-25,天天記帳,巷口麵店,支出,銷售成本,宥杏,現金,464,,
2026-05-25,天天記帳,巷口麵店,支出,銷售成本,宥杏,現金,40,,
2026-05-26,天天記帳,巷口麵店,支出,銷售成本,頭張素料,現金,305,,
2026-05-26,天天記帳,巷口麵店,支出,銷售成本,靜宜豬肉,現金,1000,,
2026-05-26,天天記帳,巷口麵店,支出,銷售成本,餛飩,現金,530,,
2026-05-26,天天記帳,巷口麵店,支出,銷售成本,餛飩,現金,700,,
2026-05-26,天天記帳,巷口麵店,支出,銷售成本,水餃,現金,2400,,
2026-05-26,天天記帳,巷口麵店,收入,營收 (銷售額),晚上收入,現金,9605,,
2026-05-26,天天記帳,巷口麵店,收入,營收 (銷售額),吳伯毅,吳伯毅,439,,
2026-05-26,天天記帳,巷口麵店,收入,營收 (銷售額),LinePay,LinePay,530,,
2026-05-26,天天記帳,巷口麵店,支出,銷售成本,宥杏,現金,530,,
2026-05-26,天天記帳,巷口麵店,支出,銷售成本,宥杏,現金,96,,
2026-05-27,天天記帳,巷口麵店,支出,營業支出,電費,現金,850,,
2026-05-27,天天記帳,巷口麵店,支出,營業支出,電費,現金,902,,
2026-05-27,天天記帳,巷口麵店,支出,銷售成本,頭張素料,現金,220,,
2026-05-27,天天記帳,巷口麵店,收入,營收 (銷售額),晚上收入,現金,9645,,
2026-05-27,天天記帳,巷口麵店,收入,營收 (銷售額),LinePay,LinePay,155,,
2026-05-27,天天記帳,巷口麵店,收入,營收 (銷售額),吳伯毅,吳伯毅,499,,
2026-05-27,天天記帳,巷口麵店,支出,生活支出,飲食,現金,304,,
2026-05-27,天天記帳,巷口麵店,支出,銷售成本,宥杏,現金,505,,
2026-05-28,天天記帳,巷口麵店,支出,銷售成本,禾家歡,現金,2180,,
2026-05-28,天天記帳,巷口麵店,收入,營收 (銷售額),LinePay,LinePay,250,,
2026-05-28,天天記帳,巷口麵店,收入,營收 (銷售額),吳伯毅,吳伯毅,790,,
2026-05-28,天天記帳,巷口麵店,支出,營業支出,瓦斯,現金,645,,
2026-05-28,天天記帳,巷口麵店,收入,營收 (銷售額),晚上收入,現金,8640,,
2026-05-28,天天記帳,巷口麵店,支出,生活支出,飲食,現金,139,,
2026-05-28,天天記帳,巷口麵店,支出,銷售成本,宥杏,現金,417,,
2026-05-29,天天記帳,巷口麵店,支出,生活支出,飲食,現金,109,,
2026-05-29,天天記帳,巷口麵店,支出,生活支出,飲食,現金,130,,
2026-05-29,天天記帳,巷口麵店,支出,生活支出,飲食,現金,165,,
2026-05-29,天天記帳,巷口麵店,支出,生活支出,生活雜支,現金,2050,,
2026-05-29,天天記帳,巷口麵店,支出,生活支出,飲食,現金,1318,,
2026-05-29,天天記帳,巷口麵店,支出,生活支出,飲食,現金,65,,
2026-05-29,天天記帳,巷口麵店,支出,生活支出,飲食,現金,75,,
2026-05-30,天天記帳,巷口麵店,支出,生活支出,飲食,現金,225,,
2026-05-30,天天記帳,巷口麵店,支出,生活支出,飲食,現金,295,,
2026-05-30,天天記帳,巷口麵店,支出,生活支出,飲食,現金,82,,
2026-05-30,天天記帳,巷口麵店,支出,生活支出,飲食,現金,1267,,
2026-05-30,天天記帳,巷口麵店,支出,生活支出,飲食,現金,210,,
2026-05-30,天天記帳,巷口麵店,支出,生活支出,汽車,現金,75,,
2026-05-30,天天記帳,巷口麵店,支出,生活支出,生活雜支,現金,219,,
2026-05-30,天天記帳,巷口麵店,支出,生活支出,生活雜支,現金,162,,
2026-05-31,天天記帳,巷口麵店,支出,銷售成本,頭張素料,現金,540,,
2026-05-31,天天記帳,巷口麵店,支出,房屋,118房貸,現金,12838,,
2026-05-31,天天記帳,巷口麵店,支出,房屋,116房貸,現金,6474,,
2026-05-31,天天記帳,巷口麵店,支出,房屋,潭子房貸,現金,4981,,
2026-05-31,天天記帳,巷口麵店,支出,生活支出,生活雜支,現金,126,,
2026-05-31,天天記帳,巷口麵店,收入,營收 (銷售額),晚上收入,現金,11350,,
2026-05-31,天天記帳,巷口麵店,收入,營收 (銷售額),LinePay,LinePay,500,,
2026-05-31,天天記帳,巷口麵店,收入,營收 (銷售額),吳伯毅,吳伯毅,1652,,
2026-05-31,天天記帳,巷口麵店,支出,生活支出,汽車,現金,700,停車,
2026-05-31,天天記帳,巷口麵店,支出,銷售成本,宥杏,現金,592,,
2026-06-01,天天記帳,巷口麵店,收入,營收 (銷售額),晚上收入,現金,11160,,
2026-06-01,天天記帳,巷口麵店,收入,營收 (銷售額),LinePay,LinePay,570,,
2026-06-01,天天記帳,巷口麵店,收入,營收 (銷售額),吳伯毅,吳伯毅,2127,,
2026-06-01,天天記帳,巷口麵店,支出,銷售成本,宥杏,現金,482,,
2026-06-02,天天記帳,巷口麵店,支出,銷售成本,蛋,現金,850,,
2026-06-02,天天記帳,巷口麵店,支出,銷售成本,水餃,現金,4800,,
2026-06-02,天天記帳,巷口麵店,支出,銷售成本,餛飩,現金,530,,
2026-06-02,天天記帳,巷口麵店,支出,生活支出,飲食,現金,76,,
2026-06-02,天天記帳,巷口麵店,支出,生活支出,飲食,現金,40,,
2026-06-02,天天記帳,巷口麵店,收入,營收 (銷售額),晚上收入,現金,11450,,
2026-06-02,天天記帳,巷口麵店,收入,營收 (銷售額),吳伯毅,吳伯毅,1605,,
2026-06-02,天天記帳,巷口麵店,支出,銷售成本,宥杏,現金,488,,
2026-06-03,天天記帳,巷口麵店,支出,銷售成本,頭張素料,現金,165,,
2026-06-03,天天記帳,巷口麵店,支出,銷售成本,靜宜豬肉,現金,1000,,
2026-06-03,天天記帳,巷口麵店,支出,營業支出,瓦斯,現金,1870,,
2026-06-03,天天記帳,巷口麵店,收入,營收 (銷售額),晚上收入,現金,8105,,
2026-06-03,天天記帳,巷口麵店,收入,營收 (銷售額),LinePay,LinePay,225,,
2026-06-03,天天記帳,巷口麵店,收入,營收 (銷售額),吳伯毅,吳伯毅,1278,,
2026-06-03,天天記帳,巷口麵店,支出,生活支出,飲食,現金,20,,
2026-06-03,天天記帳,巷口麵店,支出,銷售成本,宥杏,現金,453,,
2026-06-04,天天記帳,巷口麵店,支出,房屋,118房貸,現金,200,天然氣,
2026-06-04,天天記帳,巷口麵店,支出,生活支出,飲食,現金,29,,
2026-06-04,天天記帳,巷口麵店,支出,銷售成本,頭張素料,現金,165,,
2026-06-04,天天記帳,巷口麵店,支出,生活支出,飲食,現金,48,,
2026-06-04,天天記帳,巷口麵店,支出,房屋,116房貸,現金,16493,,
2026-06-04,天天記帳,巷口麵店,支出,房屋,118房貸,現金,21021,,
2026-06-04,天天記帳,巷口麵店,支出,房屋,潭子房貸,現金,40919,,
2026-06-04,天天記帳,巷口麵店,收入,營收 (銷售額),晚上收入,現金,7915,,
2026-06-04,天天記帳,巷口麵店,收入,營收 (銷售額),吳伯毅,吳伯毅,1872,,
2026-06-04,天天記帳,巷口麵店,支出,生活支出,飲食,現金,1014,,
2026-06-04,天天記帳,巷口麵店,支出,生活支出,飲食,現金,89,,
2026-06-04,天天記帳,巷口麵店,支出,銷售成本,宥杏,現金,556,,
2026-06-05,天天記帳,巷口麵店,支出,生活支出,飲食,現金,400,,
2026-06-05,天天記帳,巷口麵店,支出,生活支出,飲食,現金,304,,
2026-06-05,天天記帳,巷口麵店,支出,生活支出,生活雜支,現金,597,,
2026-06-05,天天記帳,巷口麵店,支出,生活支出,旅遊,現金,500,,
2026-06-05,天天記帳,巷口麵店,支出,生活支出,飲食,現金,45,,
2026-06-05,天天記帳,巷口麵店,支出,生活支出,串流平台,現金,569,,
2026-06-05,天天記帳,巷口麵店,支出,生活支出,好市多,現金,3959,,
2026-06-06,天天記帳,巷口麵店,支出,生活支出,飲食,現金,105,,
2026-06-06,天天記帳,巷口麵店,支出,營業支出,營業雜支,現金,112,,
2026-06-06,天天記帳,巷口麵店,支出,生活支出,生活雜支,現金,334,,
2026-06-06,天天記帳,巷口麵店,支出,營業支出,營業雜支,現金,149,,
2026-06-06,天天記帳,巷口麵店,支出,銷售成本,麵,現金,6480,,
2026-06-07,天天記帳,巷口麵店,支出,銷售成本,頭張素料,現金,540,,
2026-06-07,天天記帳,巷口麵店,支出,生活支出,飲食,現金,90,,
2026-06-07,天天記帳,巷口麵店,收入,營收 (銷售額),晚上收入,現金,10770,,
2026-06-07,天天記帳,巷口麵店,收入,營收 (銷售額),吳伯毅,吳伯毅,2540,,
2026-06-07,天天記帳,巷口麵店,收入,營收 (銷售額),吳伯毅,吳伯毅,370,,
2026-06-07,天天記帳,巷口麵店,支出,銷售成本,宥杏,現金,635,,
2026-06-08,天天記帳,巷口麵店,支出,營業支出,營業雜支,現金,260,,
2026-06-08,天天記帳,巷口麵店,收入,營收 (銷售額),晚上收入,現金,10350,,
2026-06-08,天天記帳,巷口麵店,收入,營收 (銷售額),吳伯毅,吳伯毅,1940,,
2026-06-08,天天記帳,巷口麵店,支出,銷售成本,宥杏,現金,666,,
2026-06-09,天天記帳,巷口麵店,支出,生活支出,飲食,現金,40,,
2026-06-09,天天記帳,巷口麵店,支出,銷售成本,餛飩,現金,530,,
2026-06-09,天天記帳,巷口麵店,支出,銷售成本,水餃,現金,4000,,
2026-06-09,天天記帳,巷口麵店,收入,營收 (銷售額),晚上收入,現金,10190,,
2026-06-09,天天記帳,巷口麵店,收入,營收 (銷售額),吳伯毅,吳伯毅,533,,
2026-06-09,天天記帳,巷口麵店,收入,營收 (銷售額),LinePay,LinePay,660,,
2026-06-09,天天記帳,巷口麵店,支出,銷售成本,宥杏,現金,508,,
2026-06-10,天天記帳,巷口麵店,支出,營業支出,電話網路,現金,799,,
2026-06-10,天天記帳,巷口麵店,支出,營業支出,電話網路,現金,654,,
2026-06-10,天天記帳,巷口麵店,收入,營收 (銷售額),LinePay,LinePay,200,,
2026-06-10,天天記帳,巷口麵店,收入,營收 (銷售額),吳伯毅,吳伯毅,3020,,
2026-06-10,天天記帳,巷口麵店,支出,銷售成本,靜宜豬肉,現金,1000,,
2026-06-10,天天記帳,巷口麵店,支出,銷售成本,頭張素料,現金,110,,
2026-06-10,天天記帳,巷口麵店,支出,營業支出,瓦斯,現金,645,,
2026-06-10,天天記帳,巷口麵店,收入,營收 (銷售額),晚上收入,現金,8280,,
2026-06-10,天天記帳,巷口麵店,支出,生活支出,飲食,現金,91,,
2026-06-10,天天記帳,巷口麵店,支出,銷售成本,宥杏,現金,674,,
2026-06-11,天天記帳,巷口麵店,支出,銷售成本,頭張素料,現金,165,,
2026-06-11,天天記帳,巷口麵店,支出,營業支出,天然氣,現金,165,,
2026-06-11,天天記帳,巷口麵店,支出,營業支出,天然氣,現金,499,,
2026-06-11,天天記帳,巷口麵店,支出,生活支出,飲食,現金,35,,
2026-06-11,天天記帳,巷口麵店,收入,營收 (銷售額),晚上收入,現金,9230,,
2026-06-11,天天記帳,巷口麵店,收入,營收 (銷售額),LinePay,LinePay,400,,
2026-06-11,天天記帳,巷口麵店,收入,營收 (銷售額),吳伯毅,吳伯毅,2005,,
2026-06-11,天天記帳,巷口麵店,支出,生活支出,飲食,現金,65,,
2026-06-11,天天記帳,巷口麵店,支出,生活支出,汽車,現金,1311,,
2026-06-11,天天記帳,巷口麵店,支出,生活支出,飲食,現金,2068,,
2026-06-11,天天記帳,巷口麵店,支出,銷售成本,宥杏,現金,765,,
2026-06-12,天天記帳,巷口麵店,支出,生活支出,好市多,現金,2941,,
2026-06-12,天天記帳,巷口麵店,支出,生活支出,飲食,現金,185,,
2026-06-12,天天記帳,巷口麵店,支出,生活支出,生活雜支,現金,1120,,
2026-06-13,天天記帳,巷口麵店,支出,生活支出,飲食,現金,1485,,
2026-06-14,天天記帳,巷口麵店,收入,營收 (銷售額),晚上收入,現金,13795,,
2026-06-14,天天記帳,巷口麵店,收入,營收 (銷售額),LinePay,LinePay,675,,
2026-06-14,天天記帳,巷口麵店,收入,營收 (銷售額),吳伯毅,吳伯毅,1029,,
2026-06-14,天天記帳,巷口麵店,支出,生活支出,飲食,現金,129,,
2026-06-14,天天記帳,巷口麵店,支出,銷售成本,九大,現金,2190,,
2026-06-14,天天記帳,巷口麵店,支出,銷售成本,杰帆,現金,1040,,
2026-06-14,天天記帳,巷口麵店,支出,房屋,租金,現金,23000,,
2026-06-14,天天記帳,巷口麵店,支出,銷售成本,彰化,現金,2620,,
2026-06-14,天天記帳,巷口麵店,支出,銷售成本,宥杏,現金,722,,
2026-06-15,天天記帳,巷口麵店,收入,營收 (銷售額),晚上收入,現金,11805,,
2026-06-15,天天記帳,巷口麵店,收入,營收 (銷售額),LinePay,LinePay,610,,
2026-06-15,天天記帳,巷口麵店,收入,營收 (銷售額),吳伯毅,吳伯毅,2416,,
2026-06-15,天天記帳,巷口麵店,支出,生活支出,飲食,現金,609,,
2026-06-15,天天記帳,巷口麵店,支出,銷售成本,宥杏,現金,506,,
2026-06-16,天天記帳,巷口麵店,支出,生活支出,飲食,現金,35,,
2026-06-16,天天記帳,巷口麵店,支出,生活支出,飲食,現金,54,,
2026-06-16,天天記帳,巷口麵店,支出,銷售成本,餛飩,現金,545,,
2026-06-16,天天記帳,巷口麵店,支出,銷售成本,水餃,現金,4000,,
2026-06-16,天天記帳,巷口麵店,支出,銷售成本,蛋,現金,850,,
2026-06-16,天天記帳,巷口麵店,收入,營收 (銷售額),晚上收入,現金,7900,,
2026-06-16,天天記帳,巷口麵店,收入,營收 (銷售額),LinePay,LinePay,440,,
2026-06-16,天天記帳,巷口麵店,收入,營收 (銷售額),吳伯毅,吳伯毅,2619,,
2026-06-16,天天記帳,巷口麵店,支出,銷售成本,粉腸,現金,1410,,
2026-06-16,天天記帳,巷口麵店,支出,銷售成本,宥杏,現金,595,,
2026-06-17,天天記帳,巷口麵店,支出,生活支出,飲食,現金,104,,
2026-06-17,天天記帳,巷口麵店,支出,銷售成本,靜宜豬肉,現金,1025,,
2026-06-17,天天記帳,巷口麵店,支出,銷售成本,禾家歡,現金,2560,,
2026-06-17,天天記帳,巷口麵店,支出,銷售成本,頭張素料,現金,110,,
2026-06-17,天天記帳,巷口麵店,支出,營業支出,瓦斯,現金,645,,
2026-06-17,天天記帳,巷口麵店,收入,營收 (銷售額),晚上收入,現金,7910,,
2026-06-17,天天記帳,巷口麵店,收入,營收 (銷售額),LinePay,LinePay,170,,
2026-06-17,天天記帳,巷口麵店,收入,營收 (銷售額),吳伯毅,吳伯毅,1086,,
2026-06-17,天天記帳,巷口麵店,支出,銷售成本,九大,現金,2040,,
2026-06-17,天天記帳,巷口麵店,支出,銷售成本,彰化,現金,1980,,
2026-06-17,天天記帳,巷口麵店,支出,生活支出,飲食,現金,188,,
2026-06-17,天天記帳,巷口麵店,支出,銷售成本,宥杏,現金,614,,
2026-06-18,天天記帳,巷口麵店,收入,營收 (銷售額),晚上收入,現金,9005,,
2026-06-18,天天記帳,巷口麵店,收入,營收 (銷售額),LinePay,LinePay,735,,
2026-06-18,天天記帳,巷口麵店,收入,營收 (銷售額),吳伯毅,吳伯毅,264,,
2026-06-18,天天記帳,巷口麵店,支出,生活支出,飲食,現金,250,,
2026-06-18,天天記帳,巷口麵店,支出,生活支出,生活雜支,現金,119,,
2026-06-18,天天記帳,巷口麵店,支出,營業支出,營業雜支,現金,378,,
2026-06-18,天天記帳,巷口麵店,支出,生活支出,飲食,現金,158,,
2026-06-18,天天記帳,巷口麵店,支出,生活支出,生活雜支,現金,99,,
2026-06-18,天天記帳,巷口麵店,支出,營業支出,營業雜支,現金,106,,
2026-06-18,天天記帳,巷口麵店,支出,生活支出,飲食,現金,456,,
2026-06-18,天天記帳,巷口麵店,支出,銷售成本,宥杏,現金,586,,
2026-06-18,天天記帳,巷口麵店,支出,銷售成本,宥杏,現金,12,,
2026-06-19,天天記帳,巷口麵店,支出,生活支出,飲食,現金,589,,
2026-06-19,天天記帳,巷口麵店,支出,生活支出,飲食,現金,40,,
2026-06-20,天天記帳,巷口麵店,支出,營業支出,水費,現金,217,,
2026-06-20,天天記帳,巷口麵店,支出,房屋,118房貸,現金,140,,
2026-06-20,天天記帳,巷口麵店,支出,房屋,116房貸,現金,87,,
2026-06-20,天天記帳,巷口麵店,支出,生活支出,飲食,現金,129,,
2026-06-20,天天記帳,巷口麵店,支出,生活支出,飲食,現金,367,,
2026-06-20,天天記帳,巷口麵店,支出,生活支出,飲食,現金,33,,
2026-06-21,天天記帳,巷口麵店,收入,營收 (銷售額),晚上收入,現金,10720,,
2026-06-21,天天記帳,巷口麵店,支出,銷售成本,頭張素料,現金,330,,
2026-06-21,天天記帳,巷口麵店,收入,營收 (銷售額),LinePay,LinePay,830,,
2026-06-21,天天記帳,巷口麵店,收入,營收 (銷售額),吳伯毅,吳伯毅,1283,,
2026-06-21,天天記帳,巷口麵店,支出,生活支出,飲食,現金,51,,
2026-06-21,天天記帳,巷口麵店,支出,銷售成本,粉腸,現金,420,,
2026-06-21,天天記帳,巷口麵店,支出,銷售成本,宥杏,現金,580,,
2026-06-22,天天記帳,巷口麵店,支出,生活支出,飲食,現金,108,,
2026-06-22,天天記帳,巷口麵店,收入,營收 (銷售額),晚上收入,現金,8160,,
2026-06-22,天天記帳,巷口麵店,收入,營收 (銷售額),吳伯毅,吳伯毅,1078,,
2026-06-22,天天記帳,巷口麵店,支出,生活支出,飲食,現金,450,,
2026-06-22,天天記帳,巷口麵店,支出,生活支出,飲食,現金,66,,
2026-06-22,天天記帳,巷口麵店,支出,銷售成本,宥杏,現金,408,,
2026-06-23,天天記帳,巷口麵店,支出,銷售成本,餛飩,現金,510,,
2026-06-23,天天記帳,巷口麵店,支出,銷售成本,蛋,現金,850,,
2026-06-23,天天記帳,巷口麵店,支出,銷售成本,頭張素料,現金,110,,
2026-06-23,天天記帳,巷口麵店,支出,生活支出,汽車,現金,3500,,
2026-06-23,天天記帳,巷口麵店,支出,銷售成本,水餃,現金,4800,,
2026-06-23,天天記帳,巷口麵店,收入,營收 (銷售額),晚上收入,現金,6835,,
2026-06-23,天天記帳,巷口麵店,收入,營收 (銷售額),吳伯毅,吳伯毅,1258,,
2026-06-23,天天記帳,巷口麵店,支出,銷售成本,餛飩,現金,630,,
2026-06-23,天天記帳,巷口麵店,支出,生活支出,好市多,現金,4012,,
2026-06-23,天天記帳,巷口麵店,支出,生活支出,好市多,現金,1798,,
2026-06-23,天天記帳,巷口麵店,支出,銷售成本,宥杏,現金,585,,
2026-06-24,天天記帳,巷口麵店,支出,銷售成本,禾家歡,現金,2460,,
2026-06-24,天天記帳,巷口麵店,收入,營收 (銷售額),晚上收入,現金,6870,,
2026-06-24,天天記帳,巷口麵店,支出,營業支出,瓦斯,現金,645,,
2026-06-24,天天記帳,巷口麵店,收入,營收 (銷售額),LinePay,LinePay,780,,
2026-06-24,天天記帳,巷口麵店,收入,營收 (銷售額),吳伯毅,吳伯毅,1212,,
2026-06-24,天天記帳,巷口麵店,支出,銷售成本,宥杏,現金,614,,
2026-06-25,天天記帳,巷口麵店,支出,銷售成本,頭張素料,現金,110,,
2026-06-25,天天記帳,巷口麵店,支出,銷售成本,靜宜豬肉,現金,1000,,
2026-06-25,天天記帳,巷口麵店,收入,營收 (銷售額),晚上收入,現金,8757,,
2026-06-25,天天記帳,巷口麵店,收入,營收 (銷售額),LinePay,LinePay,170,,
2026-06-25,天天記帳,巷口麵店,收入,營收 (銷售額),吳伯毅,吳伯毅,708,,
2026-06-25,天天記帳,巷口麵店,支出,銷售成本,宥杏,現金,656,,
2026-06-26,天天記帳,巷口麵店,支出,生活支出,飲食,現金,435,,
2026-06-26,天天記帳,巷口麵店,支出,生活支出,飲食,現金,153,,
2026-06-26,天天記帳,巷口麵店,支出,生活支出,飲食,現金,92,,
2026-06-26,天天記帳,巷口麵店,支出,生活支出,好市多,現金,1625,,
2026-06-27,天天記帳,巷口麵店,支出,銷售成本,中泰,現金,5000,,
2026-06-27,天天記帳,巷口麵店,支出,生活支出,飲食,現金,400,,
2026-06-28,天天記帳,巷口麵店,支出,銷售成本,頭張素料,現金,140,,
2026-06-28,天天記帳,巷口麵店,收入,營收 (銷售額),晚上收入,現金,8390,,
2026-06-28,天天記帳,巷口麵店,收入,營收 (銷售額),LinePay,LinePay,1050,,
2026-06-28,天天記帳,巷口麵店,收入,營收 (銷售額),吳伯毅,吳伯毅,2150,,
2026-06-28,天天記帳,巷口麵店,支出,營業支出,營業雜支,現金,101,,
2026-06-28,天天記帳,巷口麵店,支出,生活支出,飲食,現金,77,,
2026-06-28,天天記帳,巷口麵店,支出,營業支出,營業雜支,現金,153,,
2026-06-28,天天記帳,巷口麵店,支出,銷售成本,宥杏,現金,730,,
2026-06-29,天天記帳,巷口麵店,收入,營收 (銷售額),晚上收入,現金,12820,,
2026-06-29,天天記帳,巷口麵店,收入,營收 (銷售額),LinePay,LinePay,565,,
2026-06-29,天天記帳,巷口麵店,收入,營收 (銷售額),吳伯毅,吳伯毅,2518,,
2026-06-29,天天記帳,巷口麵店,支出,生活支出,飲食,現金,569,,
2026-06-29,天天記帳,巷口麵店,支出,銷售成本,宥杏,現金,683,,
2026-06-30,天天記帳,巷口麵店,支出,銷售成本,水餃,現金,3200,,
2026-06-30,天天記帳,巷口麵店,支出,銷售成本,餛飩,現金,525,,
2026-06-30,天天記帳,巷口麵店,支出,銷售成本,頭張素料,現金,220,,
2026-06-30,天天記帳,巷口麵店,收入,營收 (銷售額),晚上收入,現金,10735,,
2026-06-30,天天記帳,巷口麵店,收入,營收 (銷售額),LinePay,LinePay,115,,
2026-06-30,天天記帳,巷口麵店,收入,營收 (銷售額),吳伯毅,吳伯毅,1730,,
2026-06-30,天天記帳,巷口麵店,支出,生活支出,生活雜支,現金,103,,
2026-06-30,天天記帳,巷口麵店,支出,生活支出,飲食,現金,275,,
2026-06-30,天天記帳,巷口麵店,支出,生活支出,汽車,現金,410,,
2026-06-30,天天記帳,巷口麵店,支出,銷售成本,宥杏,現金,922,,
2026-07-01,天天記帳,巷口麵店,支出,銷售成本,禾家歡,現金,1950,,
2026-07-01,天天記帳,巷口麵店,支出,銷售成本,粉腸,現金,630,,
2026-07-01,天天記帳,巷口麵店,收入,營收 (銷售額),吳伯毅,吳伯毅,1162,,
2026-07-01,天天記帳,巷口麵店,收入,營收 (銷售額),LinePay,LinePay,520,,
2026-07-01,天天記帳,巷口麵店,收入,營收 (銷售額),晚上收入,現金,8395,,
2026-07-01,天天記帳,巷口麵店,支出,營業支出,營業雜支,現金,178,,
2026-07-01,天天記帳,巷口麵店,支出,生活支出,貓,現金,480,,
2026-07-01,天天記帳,巷口麵店,支出,生活支出,飲食,現金,188,,
2026-07-01,天天記帳,巷口麵店,支出,營業支出,瓦斯,現金,645,,
2026-07-01,天天記帳,巷口麵店,支出,銷售成本,宥杏,現金,770,,
2026-07-02,天天記帳,巷口麵店,支出,銷售成本,靜宜豬肉,現金,1000,,
2026-07-02,天天記帳,巷口麵店,支出,營業支出,水費,現金,551,,
2026-07-02,天天記帳,巷口麵店,收入,營收 (銷售額),晚上收入,現金,9383,,
2026-07-02,天天記帳,巷口麵店,收入,營收 (銷售額),LinePay,LinePay,375,,
2026-07-02,天天記帳,巷口麵店,收入,營收 (銷售額),吳伯毅,吳伯毅,738,,
2026-07-02,天天記帳,巷口麵店,支出,生活支出,飲食,現金,1705,,
2026-07-02,天天記帳,巷口麵店,支出,營業支出,設備,現金,1000,立式燈箱,
2026-07-02,天天記帳,巷口麵店,支出,銷售成本,彰化,現金,1520,,
2026-07-02,天天記帳,巷口麵店,收入,房屋,租金,現金,23000,,
2026-07-02,天天記帳,巷口麵店,支出,銷售成本,宥杏,現金,853,,
2026-07-03,天天記帳,巷口麵店,支出,生活支出,飲食,現金,185,,
2026-07-03,天天記帳,巷口麵店,支出,生活支出,好市多,現金,4551,,
2026-07-03,天天記帳,巷口麵店,支出,生活支出,飲食,現金,65,,
2026-07-03,天天記帳,巷口麵店,支出,生活支出,好市多,現金,869,,
2026-07-04,天天記帳,巷口麵店,支出,營業支出,設備,現金,16000,風管,
2026-07-04,天天記帳,巷口麵店,支出,生活支出,飲食,現金,180,,
2026-07-04,天天記帳,巷口麵店,支出,生活支出,機車,現金,450,351,
2026-07-04,天天記帳,巷口麵店,支出,生活支出,機車,現金,450,花,
2026-07-04,天天記帳,巷口麵店,支出,生活支出,汽車,現金,3708,,
2026-07-04,天天記帳,巷口麵店,支出,營業支出,天然氣,現金,150,,
2026-07-04,天天記帳,巷口麵店,支出,生活支出,生活雜支,現金,99,,
2026-07-04,天天記帳,巷口麵店,支出,生活支出,汽車,現金,120,,
2026-07-04,天天記帳,巷口麵店,支出,生活支出,飲食,現金,80,,
2026-07-04,天天記帳,巷口麵店,支出,生活支出,貓,現金,984,,
2026-07-04,天天記帳,巷口麵店,支出,房屋,118房貸,現金,21021,,
2026-07-04,天天記帳,巷口麵店,支出,房屋,116房貸,現金,16493,,
2026-07-04,天天記帳,巷口麵店,支出,房屋,潭子房貸,現金,40919,,
2026-07-05,天天記帳,巷口麵店,收入,營收 (銷售額),晚上收入,現金,14800,,
2026-07-05,天天記帳,巷口麵店,支出,銷售成本,頭張素料,現金,635,,
2026-07-05,天天記帳,巷口麵店,收入,營收 (銷售額),LinePay,LinePay,1270,,
2026-07-05,天天記帳,巷口麵店,收入,營收 (銷售額),吳伯毅,吳伯毅,1026,,
2026-07-05,天天記帳,巷口麵店,支出,生活支出,飲食,現金,65,,
2026-07-05,天天記帳,巷口麵店,支出,生活支出,飲食,現金,80,,
2026-07-05,天天記帳,巷口麵店,支出,營業支出,設備,現金,15000,白鐵板,
2026-07-05,天天記帳,巷口麵店,支出,生活支出,串流平台,現金,569,,
2026-07-05,天天記帳,巷口麵店,支出,銷售成本,宥杏,現金,840,,
2026-07-06,天天記帳,巷口麵店,支出,生活支出,飲食,現金,255,,
2026-07-06,天天記帳,巷口麵店,收入,營收 (銷售額),晚上收入,現金,8120,,
2026-07-06,天天記帳,巷口麵店,收入,營收 (銷售額),LinePay,LinePay,885,,
2026-07-06,天天記帳,巷口麵店,收入,營收 (銷售額),吳伯毅,吳伯毅,957,,
2026-07-06,天天記帳,巷口麵店,支出,生活支出,生活雜支,現金,119,,
2026-07-06,天天記帳,巷口麵店,支出,生活支出,飲食,現金,300,,
2026-07-06,天天記帳,巷口麵店,支出,銷售成本,麵,現金,6635,,
2026-07-06,天天記帳,巷口麵店,支出,銷售成本,宥杏,現金,806,,
2026-07-07,天天記帳,巷口麵店,支出,銷售成本,菜市場,現金,180,,
2026-07-07,天天記帳,巷口麵店,支出,銷售成本,餛飩,現金,520,,
2026-07-07,天天記帳,巷口麵店,收入,營收 (銷售額),晚上收入,現金,14300,,
2026-07-07,天天記帳,巷口麵店,支出,銷售成本,水餃,現金,3200,,
2026-07-07,天天記帳,巷口麵店,收入,營收 (銷售額),LinePay,LinePay,580,,
2026-07-07,天天記帳,巷口麵店,收入,營收 (銷售額),吳伯毅,吳伯毅,1172,,
2026-07-07,天天記帳,巷口麵店,支出,生活支出,汽車,現金,1229,,
2026-07-07,天天記帳,巷口麵店,支出,銷售成本,頭張素料,現金,165,,
2026-07-07,天天記帳,巷口麵店,支出,營業支出,水費,現金,398,,
2026-07-08,天天記帳,巷口麵店,支出,銷售成本,蛋,現金,3440,,
2026-07-08,天天記帳,巷口麵店,支出,銷售成本,粉腸,現金,1200,,
2026-07-08,天天記帳,巷口麵店,收入,營收 (銷售額),LinePay,LinePay,1240,,
2026-07-08,天天記帳,巷口麵店,收入,營收 (銷售額),吳伯毅,吳伯毅,449,,
2026-07-08,天天記帳,巷口麵店,支出,營業支出,瓦斯,現金,645,,
2026-07-08,天天記帳,巷口麵店,收入,營收 (銷售額),晚上收入,現金,9815,,
2026-07-08,天天記帳,巷口麵店,支出,生活支出,飲食,現金,117,,
2026-07-08,天天記帳,巷口麵店,支出,銷售成本,宥杏,現金,946,,
2026-07-09,天天記帳,巷口麵店,支出,銷售成本,靜宜豬肉,現金,1000,,
2026-07-09,天天記帳,巷口麵店,支出,生活支出,生活雜支,現金,50,,
2026-07-09,天天記帳,巷口麵店,支出,生活支出,飲食,現金,50,,
2026-07-09,天天記帳,巷口麵店,支出,銷售成本,頭張素料,現金,180,,
2026-07-09,天天記帳,巷口麵店,支出,生活支出,飲食,現金,50,,
2026-07-09,天天記帳,巷口麵店,支出,銷售成本,水餃,現金,3200,,
2026-07-09,天天記帳,巷口麵店,收入,營收 (銷售額),晚上收入,現金,9595,,
2026-07-09,天天記帳,巷口麵店,收入,營收 (銷售額),LinePay,LinePay,735,,
2026-07-09,天天記帳,巷口麵店,收入,營收 (銷售額),吳伯毅,吳伯毅,2025,,
2026-07-09,天天記帳,巷口麵店,支出,生活支出,飲食,現金,1192,,
2026-07-09,天天記帳,巷口麵店,支出,營業支出,營業雜支,現金,233,,
2026-07-09,天天記帳,巷口麵店,支出,銷售成本,宥杏,現金,752,,
2026-07-10,天天記帳,巷口麵店,支出,生活支出,飲食,現金,460,,
2026-07-10,天天記帳,巷口麵店,支出,生活支出,飲食,現金,2407,,
2026-07-10,天天記帳,巷口麵店,支出,生活支出,好市多,現金,1794,,
2026-07-10,天天記帳,巷口麵店,支出,生活支出,飲食,現金,1192,,
2026-07-11,天天記帳,巷口麵店,支出,營業支出,電費,現金,4225,,
2026-07-11,天天記帳,巷口麵店,支出,生活支出,飲食,現金,19,,
2026-07-12,天天記帳,巷口麵店,支出,銷售成本,頭張素料,現金,580,,
2026-07-12,天天記帳,巷口麵店,支出,生活支出,飲食,現金,92,,
2026-07-12,天天記帳,巷口麵店,收入,營收 (銷售額),LinePay,LinePay,655,,
2026-07-12,天天記帳,巷口麵店,收入,營收 (銷售額),吳伯毅,吳伯毅,2544,,
2026-07-12,天天記帳,巷口麵店,收入,營收 (銷售額),晚上收入,現金,8285,,
2026-07-12,天天記帳,巷口麵店,支出,銷售成本,宥杏,現金,886,,
2026-07-13,天天記帳,巷口麵店,支出,營業支出,電話網路,現金,799,,
2026-07-13,天天記帳,巷口麵店,支出,營業支出,電話網路,現金,654,,
2026-07-13,天天記帳,巷口麵店,收入,營收 (銷售額),晚上收入,現金,11945,,
2026-07-13,天天記帳,巷口麵店,收入,營收 (銷售額),LinePay,LinePay,220,,
2026-07-13,天天記帳,巷口麵店,收入,營收 (銷售額),吳伯毅,吳伯毅,3167,,
2026-07-13,天天記帳,巷口麵店,支出,生活支出,飲食,現金,63,,
2026-07-13,天天記帳,巷口麵店,支出,營業支出,營業雜支,現金,297,,
2026-07-13,天天記帳,巷口麵店,支出,銷售成本,宥杏,現金,734,,
2026-07-14,天天記帳,巷口麵店,支出,銷售成本,頭張素料,現金,345,,
2026-07-14,天天記帳,巷口麵店,支出,銷售成本,餛飩,現金,515,,
2026-07-14,天天記帳,巷口麵店,收入,營收 (銷售額),晚上收入,現金,7835,,
2026-07-14,天天記帳,巷口麵店,支出,銷售成本,水餃,現金,4000,,
2026-07-14,天天記帳,巷口麵店,收入,營收 (銷售額),LinePay,LinePay,1270,,
2026-07-14,天天記帳,巷口麵店,收入,營收 (銷售額),吳伯毅,吳伯毅,2057,,
2026-07-14,天天記帳,巷口麵店,支出,銷售成本,粉腸,現金,1200,,
2026-07-14,天天記帳,巷口麵店,支出,生活支出,飲食,現金,328,,
2026-07-14,天天記帳,巷口麵店,支出,生活支出,飲食,現金,112,,
2026-07-14,天天記帳,巷口麵店,支出,生活支出,飲食,現金,440,,
2026-07-14,天天記帳,巷口麵店,支出,銷售成本,宥杏,現金,884,,
2026-07-15,天天記帳,巷口麵店,支出,營業支出,瓦斯,現金,1230,,
2026-07-15,天天記帳,巷口麵店,支出,銷售成本,頭張素料,現金,165,,
2026-07-15,天天記帳,巷口麵店,支出,銷售成本,靜宜豬肉,現金,1000,,
2026-07-15,天天記帳,巷口麵店,支出,銷售成本,餛飩,現金,520,,
2026-07-15,天天記帳,巷口麵店,支出,銷售成本,禾家歡,現金,3800,,
2026-07-15,天天記帳,巷口麵店,收入,營收 (銷售額),晚上收入,現金,11685,,
2026-07-15,天天記帳,巷口麵店,收入,營收 (銷售額),LinePay,LinePay,365,,
2026-07-15,天天記帳,巷口麵店,收入,營收 (銷售額),吳伯毅,吳伯毅,758,,
2026-07-15,天天記帳,巷口麵店,支出,銷售成本,粉腸,現金,540,,
2026-07-15,天天記帳,巷口麵店,支出,生活支出,飲食,現金,49,,
2026-07-15,天天記帳,巷口麵店,支出,生活支出,飲食,現金,27,,
2026-07-15,天天記帳,巷口麵店,支出,生活支出,飲食,現金,134,,
2026-07-15,天天記帳,巷口麵店,支出,生活支出,飲食,現金,68,,
2026-07-15,天天記帳,巷口麵店,支出,銷售成本,宥杏,現金,825,,
2026-07-16,天天記帳,巷口麵店,收入,營收 (銷售額),吳伯毅,吳伯毅,2057,,
2026-07-16,天天記帳,巷口麵店,支出,營業支出,設備,現金,-600,,
2026-07-16,天天記帳,巷口麵店,收入,營收 (銷售額),晚上收入,現金,10515,,
2026-07-16,天天記帳,巷口麵店,收入,營收 (銷售額),LinePay,LinePay,615,,
2026-07-16,天天記帳,巷口麵店,支出,生活支出,生活雜支,現金,134,,
2026-07-16,天天記帳,巷口麵店,支出,銷售成本,餛飩,現金,700,,
2026-07-16,天天記帳,巷口麵店,支出,銷售成本,九大,現金,3000,,
2026-07-16,天天記帳,巷口麵店,支出,營業支出,設備,現金,1740,,
2026-07-16,天天記帳,巷口麵店,支出,銷售成本,杰帆,現金,6435,,
2026-07-16,天天記帳,巷口麵店,支出,銷售成本,宥杏,現金,1021,,
2026-07-17,天天記帳,巷口麵店,支出,生活支出,飲食,現金,48,,
2026-07-17,天天記帳,巷口麵店,支出,生活支出,飲食,現金,38,,
2026-07-17,天天記帳,巷口麵店,支出,生活支出,飲食,現金,300,,
2026-07-17,天天記帳,巷口麵店,支出,生活支出,飲食,現金,80,,
2026-07-17,天天記帳,巷口麵店,支出,生活支出,飲食,現金,25,,
2026-07-17,天天記帳,巷口麵店,支出,生活支出,生活雜支,現金,89,,
2026-07-17,天天記帳,巷口麵店,支出,生活支出,生活雜支,現金,55,,
2026-07-17,天天記帳,巷口麵店,支出,生活支出,生活雜支,現金,144,,
2026-07-18,天天記帳,巷口麵店,支出,生活支出,飲食,現金,84,,
2026-07-18,天天記帳,巷口麵店,支出,生活支出,旅遊,現金,380,,
2026-07-18,天天記帳,巷口麵店,支出,生活支出,飲食,現金,190,,
2026-07-18,天天記帳,巷口麵店,支出,生活支出,飲食,現金,270,,
2026-07-18,天天記帳,巷口麵店,支出,生活支出,旅遊,現金,680,,
2026-07-18,天天記帳,巷口麵店,支出,生活支出,飲食,現金,65,,
2026-07-18,天天記帳,巷口麵店,支出,生活支出,飲食,現金,80,,
2026-07-19,天天記帳,巷口麵店,支出,銷售成本,頭張素料,現金,540,,
2026-07-19,天天記帳,巷口麵店,收入,營收 (銷售額),晚上收入,現金,12130,,
2026-07-19,天天記帳,巷口麵店,收入,營收 (銷售額),LinePay,LinePay,500,,
2026-07-19,天天記帳,巷口麵店,收入,營收 (銷售額),吳伯毅,吳伯毅,2621,,
2026-07-19,天天記帳,巷口麵店,支出,銷售成本,宥杏,現金,795,,
2026-07-20,天天記帳,巷口麵店,支出,生活支出,飲食,現金,170,,
2026-07-20,天天記帳,巷口麵店,支出,房屋,潭子房貸,現金,485,,
2026-07-20,天天記帳,巷口麵店,支出,營業支出,營業雜支,現金,120,,
2026-07-20,天天記帳,巷口麵店,支出,房屋,118房貸,現金,2160,,
2026-07-20,天天記帳,巷口麵店,支出,房屋,116房貸,現金,2160,,
2026-07-20,天天記帳,巷口麵店,收入,營收 (銷售額),晚上收入,現金,8850,,
2026-07-20,天天記帳,巷口麵店,收入,營收 (銷售額),LinePay,LinePay,330,,
2026-07-20,天天記帳,巷口麵店,收入,營收 (銷售額),吳伯毅,吳伯毅,2290,,
2026-07-20,天天記帳,巷口麵店,支出,銷售成本,宥杏,現金,681,,
2026-07-21,天天記帳,巷口麵店,支出,營業支出,瓦斯,現金,1235,,
2026-07-21,天天記帳,巷口麵店,支出,銷售成本,頭張素料,現金,435,,
2026-07-21,天天記帳,巷口麵店,支出,銷售成本,靜宜豬肉,現金,1020,,
2026-07-21,天天記帳,巷口麵店,支出,銷售成本,餛飩,現金,540,,
2026-07-21,天天記帳,巷口麵店,支出,銷售成本,水餃,現金,3200,,
2026-07-21,天天記帳,巷口麵店,收入,營收 (銷售額),晚上收入,現金,8830,,
2026-07-21,天天記帳,巷口麵店,收入,營收 (銷售額),LinePay,LinePay,250,,
2026-07-21,天天記帳,巷口麵店,收入,營收 (銷售額),吳伯毅,吳伯毅,1673,,
2026-07-21,天天記帳,巷口麵店,支出,生活支出,飲食,現金,472,,
2026-07-21,天天記帳,巷口麵店,支出,銷售成本,粉腸,現金,450,,
2026-07-21,天天記帳,巷口麵店,支出,銷售成本,宥杏,現金,734,,
2026-07-22,天天記帳,巷口麵店,支出,銷售成本,萬成,現金,1980,,
2026-07-22,天天記帳,巷口麵店,支出,銷售成本,頭張素料,現金,165,,
2026-07-22,天天記帳,巷口麵店,收入,營收 (銷售額),晚上收入,現金,8220,,
2026-07-22,天天記帳,巷口麵店,收入,營收 (銷售額),LinePay,LinePay,200,,
2026-07-22,天天記帳,巷口麵店,收入,營收 (銷售額),吳伯毅,吳伯毅,1802,,
2026-07-22,天天記帳,巷口麵店,支出,生活支出,飲食,現金,1276,,
2026-07-22,天天記帳,巷口麵店,支出,銷售成本,宥杏,現金,622,,
2026-07-23,天天記帳,巷口麵店,支出,生活支出,飲食,現金,299,,
2026-07-23,天天記帳,巷口麵店,收入,營收 (銷售額),晚上收入,現金,7965,,
2026-07-23,天天記帳,巷口麵店,收入,營收 (銷售額),LinePay,LinePay,250,,
2026-07-23,天天記帳,巷口麵店,收入,營收 (銷售額),吳伯毅,吳伯毅,1535,,
2026-07-23,天天記帳,巷口麵店,支出,生活支出,飲食,現金,1346,,
2026-07-23,天天記帳,巷口麵店,支出,營業支出,設備,現金,3826,桌子,
2026-07-23,天天記帳,巷口麵店,支出,銷售成本,宥杏,現金,847,,
2026-07-24,天天記帳,巷口麵店,支出,生活支出,飲食,現金,405,,
2026-07-24,天天記帳,巷口麵店,支出,生活支出,飲食,現金,57,,
2026-07-24,天天記帳,巷口麵店,支出,生活支出,飲食,現金,60,,
2026-07-24,天天記帳,巷口麵店,支出,生活支出,飲食,現金,65,,
2026-07-24,天天記帳,巷口麵店,支出,生活支出,飲食,現金,80,,
2026-07-24,天天記帳,巷口麵店,支出,生活支出,好市多,現金,3193,,
2026-07-25,天天記帳,巷口麵店,支出,生活支出,飲食,現金,44,,
2026-07-25,天天記帳,巷口麵店,支出,生活支出,飲食,現金,252,,
2026-07-25,天天記帳,巷口麵店,支出,營業支出,設備,現金,99,樣品碗,
2026-07-26,天天記帳,巷口麵店,收入,營收 (銷售額),晚上收入,現金,12315,,
2026-07-26,天天記帳,巷口麵店,收入,營收 (銷售額),LinePay,LinePay,215,,
2026-07-26,天天記帳,巷口麵店,收入,營收 (銷售額),吳伯毅,吳伯毅,1454,,
2026-07-26,天天記帳,巷口麵店,支出,銷售成本,頭張素料,現金,525,,
2026-07-26,天天記帳,巷口麵店,支出,營業支出,設備,現金,1346,梯子,
2026-07-26,天天記帳,巷口麵店,支出,銷售成本,宥杏,現金,696,,
2026-07-27,天天記帳,巷口麵店,支出,銷售成本,頭張素料,現金,74,,
2026-07-27,天天記帳,巷口麵店,支出,營業支出,營業雜支,現金,19,,
2026-07-27,天天記帳,巷口麵店,收入,營收 (銷售額),晚上收入,現金,13515,,
2026-07-27,天天記帳,巷口麵店,收入,營收 (銷售額),LinePay,LinePay,440,,
2026-07-27,天天記帳,巷口麵店,收入,營收 (銷售額),吳伯毅,吳伯毅,782,,
2026-07-27,天天記帳,巷口麵店,支出,生活支出,飲食,現金,53,,
2026-07-27,天天記帳,巷口麵店,支出,生活支出,生活雜支,現金,144,,
2026-07-27,天天記帳,巷口麵店,支出,生活支出,生活雜支,現金,1966,,
2026-07-27,天天記帳,巷口麵店,支出,營業支出,設備,現金,445,VIP,
2026-07-27,天天記帳,巷口麵店,支出,營業支出,設備,現金,100,搬運費,
2026-07-27,天天記帳,巷口麵店,支出,營業支出,營業雜支,現金,480,,
2026-07-27,天天記帳,巷口麵店,支出,銷售成本,宥杏,現金,799,,
2026-07-28,天天記帳,巷口麵店,支出,銷售成本,餛飩,現金,520,,
2026-07-28,天天記帳,巷口麵店,支出,銷售成本,頭張素料,現金,235,,
2026-07-28,天天記帳,巷口麵店,支出,銷售成本,水餃,現金,4800,,
2026-07-28,天天記帳,巷口麵店,收入,營收 (銷售額),晚上收入,現金,11693,,
2026-07-28,天天記帳,巷口麵店,支出,營業支出,瓦斯,現金,645,,
2026-07-28,天天記帳,巷口麵店,收入,營收 (銷售額),LinePay,LinePay,480,,
2026-07-28,天天記帳,巷口麵店,收入,營收 (銷售額),吳伯毅,吳伯毅,721,,
2026-07-28,天天記帳,巷口麵店,支出,銷售成本,宥杏,現金,658,,
2026-07-29,天天記帳,巷口麵店,收入,營收 (銷售額),晚上收入,現金,9675,,
2026-07-29,天天記帳,巷口麵店,收入,營收 (銷售額),LinePay,LinePay,565,,
2026-07-29,天天記帳,巷口麵店,收入,營收 (銷售額),吳伯毅,吳伯毅,1886,,
2026-07-29,天天記帳,巷口麵店,支出,生活支出,飲食,現金,210,,
2026-07-29,天天記帳,巷口麵店,支出,生活支出,飲食,現金,45,,
2026-07-29,天天記帳,巷口麵店,支出,生活支出,生活雜支,現金,58,,
2026-07-29,天天記帳,巷口麵店,支出,生活支出,生活雜支,現金,205,,
2026-07-29,天天記帳,巷口麵店,支出,營業支出,設備,現金,2041,椅子,
2026-07-29,天天記帳,巷口麵店,支出,生活支出,貓,現金,189,,
2026-07-29,天天記帳,巷口麵店,支出,營業支出,營業雜支,現金,233,麵,
2026-07-29,天天記帳,巷口麵店,支出,銷售成本,宥杏,現金,745,,
2026-07-30,天天記帳,巷口麵店,支出,銷售成本,靜宜豬肉,現金,1000,,
2026-07-30,天天記帳,巷口麵店,支出,銷售成本,頭張素料,現金,165,,
2026-07-30,天天記帳,巷口麵店,支出,生活支出,飲食,現金,53,,
2026-07-30,天天記帳,巷口麵店,收入,營收 (銷售額),晚上收入,現金,11200,,
2026-07-30,天天記帳,巷口麵店,收入,營收 (銷售額),LinePay,LinePay,935,,
2026-07-30,天天記帳,巷口麵店,收入,營收 (銷售額),吳伯毅,吳伯毅,965,,
2026-07-30,天天記帳,巷口麵店,支出,生活支出,飲食,現金,992,,
2026-07-30,天天記帳,巷口麵店,支出,營業支出,營業雜支,現金,229,,
2026-07-30,天天記帳,巷口麵店,支出,生活支出,飲食,現金,45,,
2026-07-30,天天記帳,巷口麵店,支出,生活支出,生活雜支,現金,58,,
2026-07-30,天天記帳,巷口麵店,支出,銷售成本,宥杏,現金,875,,
2026-07-31,天天記帳,巷口麵店,支出,生活支出,飲食,現金,720,,
2026-07-31,天天記帳,巷口麵店,支出,生活支出,機車,現金,117,,
2026-07-31,天天記帳,巷口麵店,支出,生活支出,飲食,現金,180,,
2026-07-31,天天記帳,巷口麵店,支出,生活支出,飲食,現金,270,,
2026-07-31,天天記帳,巷口麵店,支出,生活支出,汽車,現金,600,,
2026-08-01,天天記帳,巷口麵店,支出,生活支出,飲食,現金,127,,
2026-08-01,天天記帳,巷口麵店,支出,生活支出,飲食,現金,35,,
2026-08-01,天天記帳,巷口麵店,支出,營業支出,營業雜支,現金,157,,
2026-08-01,天天記帳,巷口麵店,支出,營業支出,天然氣,現金,399,,
2026-08-01,天天記帳,巷口麵店,支出,銷售成本,蛋,現金,3440,,
2026-08-01,天天記帳,巷口麵店,支出,生活支出,飲食,現金,249,,
2026-08-01,天天記帳,巷口麵店,支出,生活支出,飲食,現金,200,,
2026-08-01,天天記帳,巷口麵店,支出,生活支出,飲食,現金,250,,
2026-08-01,天天記帳,巷口麵店,支出,生活支出,飲食,現金,150,,
2026-08-02,天天記帳,巷口麵店,支出,銷售成本,頭張素料,現金,595,,
2026-08-02,天天記帳,巷口麵店,收入,營收 (銷售額),晚上收入,現金,10620,,
2026-08-02,天天記帳,巷口麵店,收入,營收 (銷售額),LinePay,LinePay,530,,
2026-08-02,天天記帳,巷口麵店,收入,營收 (銷售額),吳伯毅,吳伯毅,380,,
2026-08-02,天天記帳,巷口麵店,支出,銷售成本,宥杏,現金,746,,
2026-08-03,天天記帳,巷口麵店,收入,營收 (銷售額),晚上收入,現金,9730,,
2026-08-03,天天記帳,巷口麵店,收入,營收 (銷售額),LinePay,LinePay,335,,
2026-08-03,天天記帳,巷口麵店,收入,營收 (銷售額),吳伯毅,吳伯毅,1216,,
2026-08-03,天天記帳,巷口麵店,支出,營業支出,設備,現金,691,,
2026-08-03,天天記帳,巷口麵店,支出,銷售成本,宥杏,現金,351,,
2026-08-04,天天記帳,巷口麵店,支出,銷售成本,靜宜豬肉,現金,530,,
2026-08-04,天天記帳,巷口麵店,支出,銷售成本,頭張素料,現金,125,,
2026-08-04,天天記帳,巷口麵店,支出,營業支出,電話網路,現金,799,,
2026-08-04,天天記帳,巷口麵店,支出,營業支出,電話網路,現金,654,,
2026-08-04,天天記帳,巷口麵店,收入,營收 (銷售額),晚上收入,現金,8910,,
2026-08-04,天天記帳,巷口麵店,收入,營收 (銷售額),LinePay,LinePay,120,,
2026-08-04,天天記帳,巷口麵店,收入,營收 (銷售額),吳伯毅,吳伯毅,736,,
2026-08-04,天天記帳,巷口麵店,支出,銷售成本,水餃,現金,4800,,
2026-08-04,天天記帳,巷口麵店,支出,生活支出,飲食,現金,130,,
2026-08-04,天天記帳,巷口麵店,支出,營業支出,瓦斯,現金,645,,
2026-08-04,天天記帳,巷口麵店,支出,房屋,116房貸,現金,16493,,
2026-08-04,天天記帳,巷口麵店,支出,房屋,潭子房貸,現金,40919,,
2026-08-04,天天記帳,巷口麵店,支出,房屋,118房貸,現金,21021,,
2026-08-04,天天記帳,巷口麵店,支出,房屋,118房貸,現金,536,火險,
2026-08-04,天天記帳,巷口麵店,支出,銷售成本,宥杏,現金,649,,
2026-08-05,天天記帳,巷口麵店,支出,銷售成本,萬成,現金,1750,,
2026-08-05,天天記帳,巷口麵店,收入,營收 (銷售額),晚上收入,現金,7690,,
2026-08-05,天天記帳,巷口麵店,收入,營收 (銷售額),吳伯毅,吳伯毅,1636,,
2026-08-05,天天記帳,巷口麵店,支出,生活支出,飲食,現金,692,,
2026-08-05,天天記帳,巷口麵店,支出,生活支出,串流平台,現金,569,,
2026-08-05,天天記帳,巷口麵店,支出,營業支出,設備,現金,2720,工作台,
2026-08-05,天天記帳,巷口麵店,收入,房屋,租金,現金,22985,,
2026-08-05,天天記帳,巷口麵店,支出,生活支出,飲食,現金,100,,
2026-08-05,天天記帳,巷口麵店,支出,銷售成本,宥杏,現金,668,,
2026-08-06,天天記帳,巷口麵店,支出,銷售成本,靜宜豬肉,現金,1065,,
2026-08-06,天天記帳,巷口麵店,支出,銷售成本,頭張素料,現金,165,,
2026-08-06,天天記帳,巷口麵店,收入,營收 (銷售額),晚上收入,現金,7985,,
2026-08-06,天天記帳,巷口麵店,收入,營收 (銷售額),吳伯毅,吳伯毅,1805,,
2026-08-06,天天記帳,巷口麵店,支出,生活支出,飲食,現金,270,,
2026-08-06,天天記帳,巷口麵店,支出,生活支出,飲食,現金,249,,
2026-08-06,天天記帳,巷口麵店,支出,生活支出,飲食,現金,100,,
2026-08-06,天天記帳,巷口麵店,支出,銷售成本,宥杏,現金,800,,
2026-08-07,天天記帳,巷口麵店,支出,銷售成本,中泰,現金,5000,,
2026-08-07,天天記帳,巷口麵店,支出,營業支出,設備,現金,3000,蒸爐,
2026-08-07,天天記帳,巷口麵店,支出,生活支出,飲食,現金,99,,
2026-08-07,天天記帳,巷口麵店,支出,生活支出,汽車,現金,1328,,
2026-08-07,天天記帳,巷口麵店,支出,生活支出,飲食,現金,45,,
2026-08-07,天天記帳,巷口麵店,支出,生活支出,飲食,現金,2640,,
2026-08-07,天天記帳,巷口麵店,支出,生活支出,飲食,現金,985,,
2026-08-07,天天記帳,巷口麵店,支出,生活支出,好市多,現金,439,,
2026-08-07,天天記帳,巷口麵店,支出,生活支出,飲食,現金,470,,
2026-08-08,天天記帳,巷口麵店,支出,營業支出,設備,現金,640,爐,
2026-08-08,天天記帳,巷口麵店,支出,銷售成本,麵,現金,7140,,
2026-08-08,天天記帳,巷口麵店,支出,銷售成本,杰帆,現金,1030,,
2026-08-08,天天記帳,巷口麵店,支出,生活支出,好市多,現金,4382,,
2026-08-09,天天記帳,巷口麵店,支出,銷售成本,頭張素料,現金,580,,
2026-08-09,天天記帳,巷口麵店,收入,營收 (銷售額),晚上收入,現金,11000,,
2026-08-09,天天記帳,巷口麵店,收入,營收 (銷售額),吳伯毅,吳伯毅,1640,,
2026-08-09,天天記帳,巷口麵店,收入,營收 (銷售額),LinePay,LinePay,775,,
2026-08-09,天天記帳,巷口麵店,支出,營業支出,設備,現金,642,,
2026-08-09,天天記帳,巷口麵店,支出,營業支出,設備,現金,3470,,
2026-08-09,天天記帳,巷口麵店,支出,生活支出,飲食,現金,60,,
2026-08-09,天天記帳,巷口麵店,支出,銷售成本,宥杏,現金,651,,
2026-08-10,天天記帳,巷口麵店,收入,營收 (銷售額),晚上收入,現金,14190,,
2026-08-10,天天記帳,巷口麵店,收入,營收 (銷售額),LinePay,LinePay,425,,
2026-08-10,天天記帳,巷口麵店,收入,營收 (銷售額),吳伯毅,吳伯毅,472,,
2026-08-10,天天記帳,巷口麵店,支出,營業支出,設備,現金,3886,運費,
2026-08-10,天天記帳,巷口麵店,支出,銷售成本,宥杏,現金,584,,
2026-08-11,天天記帳,巷口麵店,收入,營收 (銷售額),晚上收入,現金,11645,,
2026-08-11,天天記帳,巷口麵店,收入,營收 (銷售額),LinePay,LinePay,425,,
2026-08-11,天天記帳,巷口麵店,收入,營收 (銷售額),吳伯毅,吳伯毅,1238,,
2026-08-11,天天記帳,巷口麵店,支出,銷售成本,水餃,現金,4000,,
2026-08-11,天天記帳,巷口麵店,支出,營業支出,瓦斯,現金,645,,
2026-08-11,天天記帳,巷口麵店,支出,銷售成本,餛飩,現金,545,,
2026-08-11,天天記帳,巷口麵店,支出,銷售成本,頭張素料,現金,415,,
2026-08-11,天天記帳,巷口麵店,支出,銷售成本,宥杏,現金,646,,
2026-08-12,天天記帳,巷口麵店,支出,銷售成本,萬成,現金,2770,,
2026-08-12,天天記帳,巷口麵店,支出,銷售成本,靜宜豬肉,現金,1030,,
2026-08-12,天天記帳,巷口麵店,支出,銷售成本,頭張素料,現金,275,,
2026-08-12,天天記帳,巷口麵店,支出,生活支出,飲食,現金,140,,
2026-08-12,天天記帳,巷口麵店,收入,營收 (銷售額),晚上收入,現金,13015,,
2026-08-12,天天記帳,巷口麵店,收入,營收 (銷售額),LinePay,LinePay,235,,
2026-08-12,天天記帳,巷口麵店,收入,營收 (銷售額),吳伯毅,吳伯毅,1310,,
2026-08-12,天天記帳,巷口麵店,支出,營業支出,營業雜支,現金,420,,
2026-08-12,天天記帳,巷口麵店,支出,銷售成本,宥杏,現金,666,,
2026-08-13,天天記帳,巷口麵店,收入,營收 (銷售額),晚上收入,現金,12215,,
2026-08-13,天天記帳,巷口麵店,收入,營收 (銷售額),LinePay,LinePay,735,,
2026-08-13,天天記帳,巷口麵店,收入,營收 (銷售額),吳伯毅,吳伯毅,2496,,
2026-08-13,天天記帳,巷口麵店,支出,生活支出,飲食,現金,255,,
2026-08-13,天天記帳,巷口麵店,支出,生活支出,飲食,現金,77,,
2026-08-13,天天記帳,巷口麵店,支出,營業支出,設備,現金,531,運費,
2026-08-13,天天記帳,巷口麵店,支出,生活支出,飲食,現金,48,,
2026-08-13,天天記帳,巷口麵店,支出,生活支出,飲食,現金,1826,,
2026-08-13,天天記帳,巷口麵店,支出,房屋,租金,現金,22985,,
2026-08-13,天天記帳,巷口麵店,支出,銷售成本,宥杏,現金,588,,
2026-08-14,天天記帳,巷口麵店,支出,生活支出,旅遊,現金,2421,,
2026-08-14,天天記帳,巷口麵店,支出,營業支出,設備,現金,204,運費,
2026-08-14,天天記帳,巷口麵店,支出,生活支出,飲食,現金,95,,
2026-08-14,天天記帳,巷口麵店,支出,生活支出,飲食,現金,512,,
2026-08-15,天天記帳,巷口麵店,支出,生活支出,飲食,現金,1849,,
2026-08-15,天天記帳,巷口麵店,支出,生活支出,飲食,現金,230,,
2026-08-15,天天記帳,巷口麵店,支出,生活支出,飲食,現金,119,,
2026-08-16,天天記帳,巷口麵店,收入,營收 (銷售額),晚上收入,現金,13555,,
2026-08-16,天天記帳,巷口麵店,收入,營收 (銷售額),LinePay,LinePay,640,,
2026-08-16,天天記帳,巷口麵店,收入,營收 (銷售額),吳伯毅,吳伯毅,1302,,
2026-08-16,天天記帳,巷口麵店,支出,銷售成本,宥杏,現金,949,,
2026-08-17,天天記帳,巷口麵店,收入,營收 (銷售額),LinePay,LinePay,735,,
2026-08-17,天天記帳,巷口麵店,收入,營收 (銷售額),吳伯毅,吳伯毅,1471,,
2026-08-17,天天記帳,巷口麵店,收入,營收 (銷售額),晚上收入,現金,10620,,
2026-08-17,天天記帳,巷口麵店,支出,生活支出,飲食,現金,805,,
2026-08-17,天天記帳,巷口麵店,支出,生活支出,貓,現金,1108,,
2026-08-17,天天記帳,巷口麵店,支出,營業支出,天然氣,現金,200,,
2026-08-17,天天記帳,巷口麵店,支出,銷售成本,宥杏,現金,605,,
2026-08-18,天天記帳,巷口麵店,支出,生活支出,飲食,現金,48,,
2026-08-18,天天記帳,巷口麵店,支出,銷售成本,餛飩,現金,980,,
2026-08-18,天天記帳,巷口麵店,支出,銷售成本,餛飩,現金,530,,
2026-08-18,天天記帳,巷口麵店,支出,生活支出,飲食,現金,230,,
2026-08-18,天天記帳,巷口麵店,支出,銷售成本,水餃,現金,4000,,
2026-08-18,天天記帳,巷口麵店,收入,營收 (銷售額),晚上收入,現金,11000,,
2026-08-18,天天記帳,巷口麵店,收入,營收 (銷售額),LinePay,LinePay,745,,
2026-08-18,天天記帳,巷口麵店,收入,營收 (銷售額),吳伯毅,吳伯毅,1763,,
2026-08-18,天天記帳,巷口麵店,支出,生活支出,飲食,現金,49,,
2026-08-18,天天記帳,巷口麵店,支出,銷售成本,宥杏,現金,656,,
2026-08-19,天天記帳,巷口麵店,支出,營業支出,水費,現金,249,,
2026-08-19,天天記帳,巷口麵店,支出,房屋,116房貸,現金,122,,
2026-08-19,天天記帳,巷口麵店,支出,銷售成本,靜宜豬肉,現金,1000,,
2026-08-19,天天記帳,巷口麵店,支出,銷售成本,餛飩,現金,560,,
2026-08-19,天天記帳,巷口麵店,支出,銷售成本,頭張素料,現金,300,,
2026-08-19,天天記帳,巷口麵店,支出,銷售成本,萬成,現金,2280,,
2026-08-19,天天記帳,巷口麵店,支出,營業支出,瓦斯,現金,990,,
2026-08-19,天天記帳,巷口麵店,收入,營收 (銷售額),晚上收入,現金,9685,,
2026-08-19,天天記帳,巷口麵店,收入,營收 (銷售額),吳伯毅,吳伯毅,770,,
2026-08-19,天天記帳,巷口麵店,支出,銷售成本,菜市場,現金,120,,
2026-08-19,天天記帳,巷口麵店,支出,銷售成本,豬耳朵,現金,3450,,
2026-08-19,天天記帳,巷口麵店,支出,銷售成本,宥杏,現金,591,,
2026-08-20,天天記帳,巷口麵店,收入,營收 (銷售額),晚上收入,現金,8810,,
2026-08-20,天天記帳,巷口麵店,收入,營收 (銷售額),LinePay,LinePay,265,,
2026-08-20,天天記帳,巷口麵店,收入,營收 (銷售額),吳伯毅,吳伯毅,1176,,
2026-08-20,天天記帳,巷口麵店,支出,生活支出,飲食,現金,225,,
2026-08-20,天天記帳,巷口麵店,支出,生活支出,飲食,現金,153,,
2026-08-20,天天記帳,巷口麵店,支出,銷售成本,九大,現金,3000,,
2026-08-20,天天記帳,巷口麵店,支出,銷售成本,宥杏,現金,891,,
2026-08-21,天天記帳,巷口麵店,支出,銷售成本,萬成,現金,340,,
2026-08-21,天天記帳,巷口麵店,支出,生活支出,飲食,現金,470,,
2026-08-21,天天記帳,巷口麵店,支出,生活支出,好市多,現金,3825,,
2026-08-21,天天記帳,巷口麵店,支出,營業支出,設備,現金,331,貼紙,
2026-08-21,天天記帳,巷口麵店,支出,房屋,116房貸,現金,7000,,
2026-08-21,天天記帳,巷口麵店,支出,營業支出,水費,現金,116,,
2026-08-21,天天記帳,巷口麵店,支出,營業支出,水費,現金,184,,
2026-08-22,天天記帳,巷口麵店,支出,生活支出,飲食,現金,60,,
2026-08-22,天天記帳,巷口麵店,支出,生活支出,飲食,現金,95,,
2026-08-22,天天記帳,巷口麵店,支出,生活支出,飲食,現金,380,,
2026-08-23,天天記帳,巷口麵店,支出,銷售成本,頭張素料,現金,580,,
2026-08-23,天天記帳,巷口麵店,收入,營收 (銷售額),LinePay,LinePay,1045,,
2026-08-23,天天記帳,巷口麵店,收入,營收 (銷售額),吳伯毅,吳伯毅,1067,,
2026-08-23,天天記帳,巷口麵店,收入,營收 (銷售額),晚上收入,現金,11790,,
2026-08-23,天天記帳,巷口麵店,支出,銷售成本,宥杏,現金,710,,
2026-08-24,天天記帳,巷口麵店,收入,營收 (銷售額),晚上收入,現金,11115,,
2026-08-24,天天記帳,巷口麵店,收入,營收 (銷售額),LinePay,LinePay,505,,
2026-08-24,天天記帳,巷口麵店,收入,營收 (銷售額),吳伯毅,吳伯毅,1382,,
2026-08-24,天天記帳,巷口麵店,支出,生活支出,飲食,現金,143,,
2026-08-24,天天記帳,巷口麵店,支出,銷售成本,宥杏,現金,433,,
2026-08-25,天天記帳,巷口麵店,支出,銷售成本,頭張素料,現金,470,,
2026-08-25,天天記帳,巷口麵店,支出,銷售成本,餛飩,現金,540,,
2026-08-25,天天記帳,巷口麵店,收入,營收 (銷售額),晚上收入,現金,10580,,
2026-08-25,天天記帳,巷口麵店,支出,營業支出,瓦斯,現金,645,,
2026-08-25,天天記帳,巷口麵店,支出,銷售成本,水餃,現金,2400,,
2026-08-25,天天記帳,巷口麵店,收入,營收 (銷售額),LinePay,LinePay,790,,
2026-08-25,天天記帳,巷口麵店,收入,營收 (銷售額),吳伯毅,吳伯毅,467,,
2026-08-25,天天記帳,巷口麵店,支出,生活支出,飲食,現金,650,,
2026-08-25,天天記帳,巷口麵店,支出,營業支出,設備,現金,531,,
2026-08-25,天天記帳,巷口麵店,支出,銷售成本,宥杏,現金,573,,
2026-08-26,天天記帳,巷口麵店,收入,營收 (銷售額),晚上收入,現金,9250,,
2026-08-26,天天記帳,巷口麵店,支出,銷售成本,靜宜豬肉,現金,535,,
2026-08-26,天天記帳,巷口麵店,支出,銷售成本,頭張素料,現金,125,,
2026-08-26,天天記帳,巷口麵店,收入,營收 (銷售額),LinePay,LinePay,125,,
2026-08-26,天天記帳,巷口麵店,收入,營收 (銷售額),吳伯毅,吳伯毅,3463,,
2026-08-26,天天記帳,巷口麵店,支出,銷售成本,宥杏,現金,682,,
2026-08-27,天天記帳,巷口麵店,支出,營業支出,天然氣,現金,150,,
2026-08-27,天天記帳,巷口麵店,支出,銷售成本,頭張素料,現金,235,,
2026-08-27,天天記帳,巷口麵店,收入,營收 (銷售額),晚上收入,現金,12543,,
2026-08-27,天天記帳,巷口麵店,收入,營收 (銷售額),LinePay,LinePay,1045,,
2026-08-27,天天記帳,巷口麵店,收入,營收 (銷售額),吳伯毅,吳伯毅,2081,,
2026-08-27,天天記帳,巷口麵店,支出,生活支出,飲食,現金,154,,
2026-08-27,天天記帳,巷口麵店,支出,銷售成本,宥杏,現金,719,,
2026-08-28,天天記帳,巷口麵店,支出,生活支出,飲食,現金,55,,
2026-08-28,天天記帳,巷口麵店,支出,生活支出,飲食,現金,1021,,
2026-08-28,天天記帳,巷口麵店,支出,生活支出,汽車,現金,1380,,
2026-08-28,天天記帳,巷口麵店,支出,生活支出,飲食,現金,77,,
2026-08-28,天天記帳,巷口麵店,支出,營業支出,天然氣,現金,200,,
2026-08-28,天天記帳,巷口麵店,支出,生活支出,飲食,現金,20,,
2026-08-28,天天記帳,巷口麵店,支出,生活支出,飲食,現金,265,,
2026-08-28,天天記帳,巷口麵店,支出,營業支出,營業雜支,現金,100,,
2026-08-28,天天記帳,巷口麵店,支出,生活支出,飲食,現金,1540,,
2026-08-28,天天記帳,巷口麵店,支出,營業支出,設備,現金,60,碗,
2026-08-29,天天記帳,巷口麵店,支出,生活支出,飲食,現金,619,,
2026-08-29,天天記帳,巷口麵店,支出,生活支出,飲食,現金,310,,
2026-08-29,天天記帳,巷口麵店,支出,生活支出,飲食,現金,281,,
2026-08-30,天天記帳,巷口麵店,收入,營收 (銷售額),晚上收入,現金,10960,,
2026-08-30,天天記帳,巷口麵店,收入,營收 (銷售額),吳伯毅,吳伯毅,2321,,
2026-08-30,天天記帳,巷口麵店,收入,營收 (銷售額),LinePay,LinePay,1660,,
2026-08-30,天天記帳,巷口麵店,支出,銷售成本,頭張素料,現金,650,,
2026-08-30,天天記帳,巷口麵店,支出,生活支出,生活雜支,現金,89,,
2026-08-30,天天記帳,巷口麵店,支出,銷售成本,宥杏,現金,1163,,
2026-08-31,天天記帳,巷口麵店,收入,營收 (銷售額),晚上收入,現金,11900,,
2026-08-31,天天記帳,巷口麵店,收入,營收 (銷售額),LinePay,LinePay,535,,
2026-08-31,天天記帳,巷口麵店,收入,營收 (銷售額),吳伯毅,吳伯毅,1201,,
2026-08-31,天天記帳,巷口麵店,支出,生活支出,飲食,現金,138,,
2026-08-31,天天記帳,巷口麵店,支出,營業支出,設備,現金,201,碗,
2026-08-31,天天記帳,巷口麵店,支出,銷售成本,十甲旺內臟,現金,7120,,
2026-08-31,天天記帳,巷口麵店,支出,生活支出,汽車,現金,360,,
2026-08-31,天天記帳,巷口麵店,支出,銷售成本,宥杏,現金,773,,
